0.2881	-0.7288	-1.5515	-2.4475	-3.5364	-4.2444	-4.8450	-5.7789
0.2124	-1.1365	-1.7444	-2.4817	-3.6036	-3.8697	-4.6583	-5.3272
-0.1416	-1.1121	-1.9361	-2.4305	-3.5230	-4.1663	-4.6876	-5.5665
0.2612	-0.8484	-1.9043	-2.5000	-3.4656	-4.0748	-4.9769	-5.5628
-0.1721	-0.9705	-1.5564	-2.4231	-3.4376	-4.1370	-4.5911	-5.4493
-0.0696	-0.7276	-1.5442	-2.6416	-3.3545	-3.9088	-4.5838	-5.3114
-0.2173	-0.6226	-1.9873	-2.7063	-3.6207	-4.3873	-4.8963	-5.5116
-0.2051	-1.0584	-1.7346	-2.3072	-3.2508	-4.0845	-4.7681	-5.4212
0.1855	-0.6067	-1.7469	-2.5306	-3.2984	-4.2982	-4.8914	-5.3944
-0.3064	-1.1109	-1.7993	-2.5318	-3.6304	-4.4312	-4.6741	-5.3553
-0.2576	-1.0047	-1.9202	-2.4451	-3.2044	-4.1236	-4.8389	-5.4151
-0.3015	-0.8618	-1.9409	-2.3096	-3.2911	-4.4129	-5.1380	-5.5164
-0.0134	-0.7678	-1.5857	-2.4219	-3.4058	-4.3214	-5.0025	-5.8961
-0.1050	-0.9180	-1.6699	-2.7198	-3.1751	-4.2615	-4.7059	-5.3773
-0.3528	-0.6409	-1.6394	-2.3804	-3.5254	-4.2737	-4.6644	-5.8875
0.1526	-0.6445	-1.8238	-2.6526	-3.5938	-4.2908	-4.6558	-5.7984
-0.1721	-0.6885	-2.0203	-2.7100	-3.5718	-4.0137	-4.7608	-5.4932
-0.1013	-1.0852	-1.7981	-2.3316	-3.2593	-4.2310	-5.0343	-5.3565
0.1770	-0.8179	-1.9336	-2.4012	-3.5621	-4.1480	-5.1002	-5.7948
-0.2991	-0.6934	-1.5650	-2.6404	-3.6988	-4.3494	-4.8695	-5.6715
-0.1294	-0.7080	-1.8775	-2.5635	-3.1446	-3.9857	-5.1881	-5.7777
-0.1648	-1.2525	-1.9055	-2.6490	-3.4888	-4.1773	-4.8023	-5.9254
-0.2210	-0.9302	-2.0691	-2.7539	-3.6280	-4.4581	-5.0550	-5.8570
0.0610	-1.2049	-1.6284	-2.5354	-3.2752	-4.2310	-4.9085	-5.7948
-0.1526	-1.0742	-2.0667	-2.7039	-3.4022	-4.4520	-4.8817	-5.4005
0.0024	-0.9705	-1.9971	-2.9114	-3.5999	-4.1419	-4.9268	-5.9706
0.0696	-0.8777	-1.5967	-2.8418	-3.5669	-4.3250	-5.2210	-5.6532
0.1160	-1.0803	-1.5576	-2.9505	-3.3240	-4.3799	-5.0831	-5.6861
-0.3394	-0.7422	-1.9763	-2.4146	-3.3533	-4.0369	-4.8243	-5.4664
-0.3296	-0.8948	-1.7578	-2.7112	-3.4583	-4.3763	-5.1112	-5.6397
-0.1648	-1.0669	-2.1448	-2.4219	-3.3533	-4.2725	-5.0672	-5.4176
-0.4810	-0.9290	-1.7786	-2.4610	-3.7781	-4.2506	-5.0855	-5.5201
-0.0195	-0.9693	-1.8799	-2.5306	-3.3387	-4.5692	-4.7767	-5.9388
0.0757	-0.9839	-1.7542	-2.6014	-3.6609	-4.1346	-5.0391	-5.7325
-0.1697	-1.2097	-2.0276	-2.8089	-3.6915	-4.4361	-5.2503	-5.4408
-0.1099	-1.2647	-1.7993	-2.9932	-3.5010	-4.1004	-5.1905	-5.5250
-0.1563	-1.1218	-1.7273	-2.4451	-3.2276	-4.4837	-5.0843	-5.6361
-0.3772	-1.1084	-1.6333	-2.8858	-3.7391	-4.0797	-4.9720	-5.9083
-0.2234	-0.9277	-1.6370	-2.6746	-3.6207	-4.5509	-5.2027	-5.4688
0.0208	-1.3074	-2.0081	-2.6343	-3.2874	-4.3946	-5.0513	-5.9864
-0.3406	-1.0718	-1.7542	-2.5074	-3.6268	-4.2237	-4.8731	-5.8338
-0.1123	-1.0388	-1.9251	-3.0311	-3.3533	-4.4788	-5.1575	-5.8790
-0.4321	-0.9436	-1.6468	-2.8467	-3.5084	-4.5643	-4.9403	-5.9046
-0.5310	-1.3843	-1.8726	-2.8248	-3.4644	-4.6058	-4.9061	-6.0475
0.0024	-1.1987	-1.8738	-2.8211	-3.4668	-4.4361	-5.0465	-6.0609
-0.3857	-1.0571	-2.2400	-2.8540	-3.4949	-4.6082	-5.2222	-6.0169
-0.1379	-1.2903	-1.8128	-2.7076	-3.8550	-4.6265	-5.0599	-6.0084
-0.2368	-1.1292	-1.7456	-2.9627	-3.2886	-4.4105	-4.9696	-5.5055
-0.1819	-1.1865	-1.6834	-2.6502	-3.6146	-4.1749	-5.2943	-5.9071
-0.4871	-1.3501	-1.8677	-2.5306	-3.4864	-4.5472	-5.3736	-5.5457
-0.3101	-1.3037	-2.1729	-2.5965	-3.4900	-4.4947	-4.9403	-5.6947
-0.4004	-1.2793	-2.2596	-2.8003	-3.3497	-4.2921	-4.8426	-6.0145
-0.5786	-1.2256	-2.2596	-2.8113	-3.8660	-4.5008	-5.2845	-5.6153
-0.1343	-1.4087	-2.1814	-2.5940	-3.3838	-4.5814	-5.1991	-5.5506
-0.5493	-1.4307	-1.8433	-2.6099	-3.7781	-4.1321	-5.1405	-5.5360
-0.3565	-1.2830	-1.9263	-3.0481	-3.7659	-4.3409	-5.3028	-5.6861
-0.1086	-1.4148	-1.9617	-2.6783	-3.5486	-4.2799	-5.2674	-6.0841
-0.0781	-1.2317	-1.8372	-2.7308	-3.3704	-4.6070	-4.8719	-5.9693
-0.2918	-1.4197	-2.0240	-2.6001	-3.8099	-4.3091	-5.0013	-5.5604
-0.4724	-1.0901	-1.9409	-2.9725	-3.5901	-4.2542	-5.3126	-5.6886
-0.5176	-1.1548	-1.8299	-2.5818	-3.9234	-4.3848	-4.8743	-5.8705
-0.3015	-1.3245	-2.1680	-2.9871	-3.7647	-4.7218	-5.1417	-5.5982
-0.6006	-0.9265	-1.7957	-2.7759	-3.4107	-4.2005	-5.0452	-5.8509
-0.3430	-1.1585	-1.9788	-2.7967	-3.8050	-4.5350	-5.0135	-6.0426
-0.3857	-0.9570	-1.9837	-2.6087	-3.9783	-4.6961	-4.9183	-5.9876
-0.6152	-1.4978	-1.7908	-3.1617	-3.8148	-4.6314	-4.9415	-5.6861
-0.5701	-1.3159	-2.3206	-3.1019	-3.7379	-4.3897	-5.1734	-5.9486
-0.5982	-1.2537	-1.9983	-3.0994	-3.7220	-4.6900	-5.1283	-5.6300
-0.5274	-1.2378	-2.2278	-3.2007	-3.4351	-4.6986	-4.9915	-5.7032
-0.6653	-1.4697	-2.0032	-2.8125	-3.4986	-4.2481	-4.9866	-5.7435
-0.3296	-1.4551	-2.0410	-2.6990	-3.6768	-4.4654	-5.2723	-6.0511
-0.4993	-1.0462	-2.2364	-3.0152	-3.9881	-4.4361	-5.1637	-5.7862
-0.3821	-1.1170	-2.0435	-2.7588	-3.9490	-4.6839	-5.2699	-6.1427
-0.5261	-1.4636	-1.9849	-3.0530	-3.5291	-4.2908	-5.3700	-5.9327
-0.4370	-1.3196	-2.0826	-2.8443	-3.4473	-4.2225	-5.2076	-5.8094
-0.3345	-1.3111	-2.0142	-3.2349	-3.5792	-4.2933	-5.2039	-6.1024
-0.4248	-1.4258	-2.3975	-3.0372	-3.7012	-4.5496	-5.3101	-6.0865
-0.7044	-1.6089	-2.3951	-2.9517	-3.5450	-4.4837	-4.9720	-5.8753
-0.6799	-1.3916	-2.0484	-2.7698	-3.9979	-4.2615	-5.4249	-6.1353
-0.2283	-1.5332	-2.1302	-3.0054	-4.0027	-4.3909	-5.3175	-6.2269
-0.3613	-1.0962	-2.1350	-3.1470	-4.0076	-4.4007	-5.2491	-6.1720
-0.3381	-1.3428	-2.3767	-3.1348	-3.9222	-4.7559	-5.0465	-5.8460
-0.6812	-1.4600	-2.4268	-3.2679	-4.0101	-4.7889	-5.1539	-6.1915
-0.7324	-1.1023	-2.4695	-3.1336	-3.8965	-4.4605	-5.5518	-5.8643
-0.3272	-1.3709	-2.1839	-3.1568	-3.9161	-4.5460	-5.2064	-5.8936
-0.7971	-1.2073	-1.9507	-2.7832	-3.9637	-4.6461	-5.0355	-6.1781
-0.4920	-1.2158	-2.1851	-3.0823	-4.0955	-4.4190	-5.4017	-5.8021
-0.4334	-1.1121	-1.9922	-2.9761	-3.8318	-4.4446	-5.3370	-5.9754
-0.2905	-1.5967	-1.9519	-2.8894	-3.8025	-4.3043	-5.2821	-5.9998
-0.2808	-1.6516	-2.0215	-3.2361	-3.7061	-4.4971	-5.5579	-6.0609
-0.5945	-1.4612	-2.3731	-3.1177	-3.7989	-4.3726	-5.3614	-6.0438
-0.7459	-1.3660	-2.3450	-2.8504	-3.9100	-4.4874	-5.2845	-5.7777
-0.6506	-1.6260	-2.3304	-3.1275	-3.5779	-4.3958	-5.5567	-6.0975
-0.4224	-1.2293	-1.9751	-3.1885	-3.9149	-4.8585	-5.4163	-5.9388
-0.7056	-1.7029	-2.5220	-2.8296	-3.9930	-4.8731	-5.4041	-6.2513
-0.5188	-1.5698	-2.4537	-2.8296	-3.7623	-4.3421	-5.3858	-5.7447
-0.4358	-1.2195	-2.0887	-3.2056	-3.8819	-4.5521	-5.4932	-5.8497
-0.8838	-1.4014	-2.0777	-2.8894	-3.6890	-4.6851	-5.1917	-6.3136
-0.3687	-1.3526	-2.4414	-3.2337	-3.8856	-4.5557	-5.2833	-5.8155
-0.8289	-1.3404	-2.1253	-3.3411	-3.7525	-4.5692	-5.6153	-5.8045
-0.9094	-1.2427	-2.0813	-2.8174	-3.6841	-4.7071	-5.1344	-6.1744
-0.5591	-1.7371	-2.2779	-2.9468	-4.0577	-4.9403	-5.4505	-5.9437
-0.7630	-1.5296	-2.2266	-3.3021	-4.0137	-4.6571	-5.3321	-5.9815
-0.7886	-1.3977	-2.0472	-3.3716	-3.7769	-4.7315	-5.3272	-5.9449
-0.7630	-1.2683	-2.2400	-3.2105	-3.8904	-4.4031	-5.1075	-6.2464
-0.5737	-1.7090	-2.2022	-3.1226	-3.7806	-4.3909	-5.5372	-6.0414
-0.4944	-1.4588	-2.2510	-2.9615	-3.8441	-4.8231	-5.2674	-6.2538
-0.5359	-1.7676	-2.5892	-2.8614	-3.8599	-4.6021	-5.6580	-6.2074
-0.9204	-1.3733	-2.1814	-2.9932	-3.7330	-4.5887	-5.4176	-5.8961
-0.6848	-1.2976	-2.3621	-2.9371	-4.1517	-4.4117	-5.3773	-6.0792
-0.4041	-1.4734	-2.5696	-3.0945	-4.1773	-4.9036	-5.3858	-6.1915
-0.6445	-1.7835	-2.6026	-3.3082	-4.1602	-4.7572	-5.3236	-6.0890
-0.9375	-1.5430	-2.3999	-2.9248	-3.7769	-4.6168	-5.4505	-6.2123
-0.4797	-1.5894	-2.3499	-3.4668	-4.1920	-4.7852	-5.4798	-6.1817
-0.5628	-1.8091	-2.3206	-3.1409	-4.1444	-4.9561	-5.3651	-6.0096
-0.9180	-1.2854	-2.4195	-2.9651	-3.7671	-4.7816	-5.4224	-6.3453
-0.7996	-1.6687	-2.4744	-2.9236	-4.1199	-4.6485	-5.1783	-5.9376
-0.5786	-1.7749	-2.6368	-3.1421	-4.2567	-4.8951	-5.7350	-5.9315
-0.8716	-1.4112	-2.1204	-2.8980	-4.2066	-4.6448	-5.4652	-5.9803
-0.9912	-1.8177	-2.6526	-3.4437	-3.6988	-4.4642	-5.2369	-5.9864
-0.9253	-1.5467	-2.2620	-3.2642	-3.7891	-4.4495	-5.7496	-6.2721
-0.8301	-1.5552	-2.1778	-3.1519	-4.2310	-4.9378	-5.4102	-6.1683
-0.4639	-1.5296	-2.2681	-3.1165	-3.7598	-5.0404	-5.3272	-6.4308
-0.9314	-1.8335	-2.3975	-3.1092	-3.9075	-5.0025	-5.2247	-5.8802
-0.9631	-1.4807	-2.5037	-3.3753	-3.7440	-4.5948	-5.2943	-6.0719
-0.9180	-1.7334	-2.6075	-3.2398	-4.1321	-4.7108	-5.5592	-5.9876
-0.7044	-1.5198	-2.1460	-3.1055	-4.1260	-5.0159	-5.7716	-5.9449
-0.6336	-1.4893	-2.2290	-3.0835	-3.8758	-4.7999	-5.2308	-6.3490
-0.9937	-1.6809	-2.4195	-3.0457	-3.8734	-4.6607	-5.5274	-6.0499
-0.9546	-1.8213	-2.2425	-3.5084	-4.1089	-4.8206	-5.4151	-6.3392
-0.9900	-1.8457	-2.6148	-3.1299	-3.7623	-4.8560	-5.8033	-6.1659
-1.0266	-1.4514	-2.4048	-3.0457	-3.8184	-4.8621	-5.6764	-5.9730
-0.9277	-1.6626	-2.7137	-3.0164	-4.2005	-5.0343	-5.7411	-6.3734
-0.8838	-1.8360	-2.6807	-3.2117	-3.8392	-4.8780	-5.3907	-6.4320
-0.5457	-1.6761	-2.4182	-3.2105	-4.2554	-5.0489	-5.6056	-6.3868
-1.0718	-1.6883	-2.2632	-3.0311	-4.0772	-4.6082	-5.7679	-6.3880
-1.1072	-1.4490	-2.5684	-3.1885	-4.2774	-5.1075	-5.8106	-6.0694
-1.0803	-1.7017	-2.2022	-3.1653	-4.3348	-4.7034	-5.2821	-6.1305
-0.8313	-1.8860	-2.3792	-3.1238	-4.3238	-5.0892	-5.3443	-5.9632
-0.7605	-1.4783	-2.6246	-3.4314	-3.9319	-4.8560	-5.2906	-6.2867
-1.1084	-1.5662	-2.6502	-3.2154	-4.3885	-5.0770	-5.5933	-6.0157
-1.1524	-1.8494	-2.3645	-3.3375	-4.3360	-4.9195	-5.4652	-5.9535
-0.7349	-1.4575	-2.4036	-3.6048	-4.0186	-4.6778	-5.7667	-6.1036
-1.1133	-1.8030	-2.7869	-3.1946	-3.9881	-4.8353	-5.8131	-6.2159
-0.9339	-1.8506	-2.7027	-3.1092	-4.3482	-4.7486	-5.5250	-6.5528
-1.1365	-2.0130	-2.6111	-3.4534	-3.9185	-5.1575	-5.6995	-6.4784
-0.7788	-1.6773	-2.6795	-3.3411	-4.1187	-4.9220	-5.8009	-6.2733
-1.1841	-1.7542	-2.3352	-3.4217	-4.3836	-5.1783	-5.8802	-6.1817
-1.0205	-1.4429	-2.7552	-3.2374	-4.1041	-4.7303	-5.4249	-6.2733
-0.9033	-1.8360	-2.6648	-3.5950	-3.8843	-4.6546	-5.7215	-6.5370
-0.7141	-1.9409	-2.4732	-3.1800	-4.3372	-4.7352	-5.5555	-5.9937
-1.0584	-1.5247	-2.3328	-3.1763	-4.1907	-4.9268	-5.8253	-6.2440
-1.0376	-1.7896	-2.5159	-3.1250	-4.3336	-4.6412	-5.6947	-6.2269
-0.7520	-2.0667	-2.5281	-3.6023	-3.9698	-4.6534	-5.8546	-6.2184
-0.7239	-1.5467	-2.5354	-3.1238	-3.9161	-5.0367	-5.7215	-6.0438
-0.6519	-1.8177	-2.3218	-3.6719	-4.4092	-5.1270	-5.3577	-6.5187
-1.0816	-1.8433	-2.5745	-3.2520	-4.0443	-4.9036	-5.5140	-6.3197
-0.8142	-1.5613	-2.4866	-3.6683	-4.0418	-4.8035	-5.7984	-6.2684
-0.8228	-1.5027	-2.6954	-3.5303	-4.0320	-5.1539	-5.7716	-6.0572
-0.9119	-2.0410	-2.7295	-3.4827	-4.3726	-5.2296	-5.3712	-6.5821
-1.0852	-1.6663	-2.6014	-3.2544	-4.1785	-4.9464	-5.8460	-6.5138
-1.0535	-2.0801	-2.5086	-3.7427	-4.0992	-4.9622	-5.8350	-6.2879
-0.8569	-2.1204	-2.4659	-3.3155	-4.1907	-5.2174	-5.7594	-6.3246
-0.8167	-2.1094	-2.4634	-3.3362	-4.1431	-4.8951	-5.5372	-6.0609
-0.8069	-1.8225	-2.5501	-3.7256	-4.0076	-5.0037	-5.8338	-6.2281
-1.2647	-1.6907	-2.8394	-3.5340	-4.2701	-5.1893	-5.6312	-6.5357
-1.1035	-1.8201	-2.8394	-3.5486	-4.0284	-4.9671	-5.7179	-6.5919
-0.9766	-1.8421	-2.5110	-3.7183	-4.5167	-5.1893	-5.5116	-6.4417
-1.0425	-1.5845	-2.6551	-3.2154	-4.1334	-4.9195	-5.8045	-6.1366
-1.0718	-1.9666	-2.8089	-3.7049	-4.2152	-5.1539	-5.4310	-6.1231
-1.0706	-1.9263	-2.6893	-3.2569	-4.5142	-4.9476	-5.6629	-6.6627
-1.2329	-2.1680	-2.9432	-3.6695	-4.0186	-4.9805	-5.5299	-6.2672
-1.2134	-1.9300	-2.8284	-3.6268	-4.0906	-4.7401	-5.4615	-6.3709
-1.1316	-1.9873	-2.6282	-3.4742	-4.3275	-4.7303	-5.4603	-6.6224
-1.2976	-1.8701	-2.9737	-3.6255	-4.3470	-5.3089	-5.5921	-6.3954
-1.2573	-2.1180	-2.9090	-3.7891	-4.3079	-5.1490	-5.8094	-6.5345
-1.1756	-1.9446	-2.6697	-3.6231	-4.1444	-5.3199	-5.6947	-6.5199
-1.3342	-1.9385	-2.7869	-3.6182	-4.5289	-5.1991	-5.9278	-6.6603
-0.9546	-2.1900	-2.5269	-3.7928	-4.1578	-5.2100	-5.4835	-6.3075
-1.1536	-1.8335	-3.0420	-3.8282	-4.1724	-4.9781	-5.9498	-6.4991
-1.2158	-1.8189	-2.6526	-3.4229	-4.0919	-5.3187	-5.5714	-6.2257
-1.3965	-1.9153	-2.8589	-3.4681	-4.2737	-5.0477	-5.8228	-6.7176
-0.8435	-2.1302	-2.8687	-3.8538	-4.1089	-5.2125	-5.8961	-6.3697
-0.8569	-1.9580	-3.0542	-3.2984	-4.3323	-5.1575	-5.5299	-6.6725
-0.8508	-2.2486	-2.9395	-3.5987	-4.4593	-4.8048	-5.9425	-6.3880
-0.8692	-1.9141	-2.6990	-3.3130	-4.3482	-5.3687	-5.9144	-6.7359
-0.9998	-2.0398	-2.7967	-3.6634	-4.4947	-4.8878	-5.5714	-6.6090
-1.3318	-1.8433	-2.9419	-3.8660	-4.4398	-5.3834	-5.9095	-6.4210
-1.2305	-2.0398	-2.7674	-3.8807	-4.1065	-5.2503	-5.8399	-6.1634
-0.9339	-1.8396	-3.0408	-3.7964	-4.4691	-5.0623	-5.7557	-6.7079
-1.2854	-2.1765	-2.5928	-3.4290	-4.5386	-5.2100	-5.6300	-6.5113
-0.9778	-1.9495	-2.9798	-3.3533	-4.2750	-4.9586	-6.0316	-6.3673
-0.9339	-2.2998	-2.8589	-3.7574	-4.4239	-5.3346	-6.0743	-6.5650
-1.4051	-2.1045	-3.1006	-3.5193	-4.4849	-5.0343	-6.0792	-6.6859
-1.3977	-2.1021	-2.8186	-3.7134	-4.1968	-4.9635	-5.9754	-6.2159
-1.0230	-2.0398	-3.1250	-3.5389	-4.3519	-5.1930	-6.0218	-6.5907
-1.3733	-2.2461	-3.0164	-3.6695	-4.5325	-5.1417	-5.6397	-6.2599
-1.3257	-1.8250	-2.9773	-3.8379	-4.3738	-5.1966	-5.7972	-6.7774
-1.4624	-1.8860	-3.1153	-3.6402	-4.1578	-4.9366	-5.8936	-6.5199
-1.3257	-1.7847	-3.0152	-3.5572	-4.7181	-5.1991	-5.9815	-6.6285
-1.3916	-2.1997	-2.7222	-3.8160	-4.2860	-4.9659	-5.9132	-6.3734
-1.3721	-1.8262	-3.0494	-3.4668	-4.2469	-5.0660	-5.6080	-6.5455
-1.4392	-2.1045	-2.8089	-3.8843	-4.6375	-4.9220	-5.8485	-6.4759
-0.9778	-1.9617	-3.1714	-3.5010	-4.3470	-4.9012	-5.9986	-6.6712
-1.4612	-1.7896	-2.9432	-3.5547	-4.2664	-5.3016	-5.8497	-6.2867
-1.4490	-2.2364	-2.7771	-3.8746	-4.3470	-4.9696	-6.1866	-6.8128
-1.1157	-2.0374	-2.7051	-3.6817	-4.1871	-4.9232	-5.6886	-6.3941
-1.3025	-2.0520	-3.1934	-3.8160	-4.7474	-5.0245	-6.1402	-6.3685
-1.2879	-2.3499	-3.1238	-3.7952	-4.5924	-5.0562	-6.1866	-6.6371
-1.2964	-1.8933	-3.1019	-3.8868	-4.4459	-5.4347	-5.7911	-6.6529
-1.3147	-2.0728	-2.6905	-3.8196	-4.4874	-5.1453	-5.8399	-6.6383
-1.0523	-2.0472	-2.9639	-3.5084	-4.5594	-5.3040	-5.8558	-6.6236
-1.0095	-2.1216	-2.9920	-4.0052	-4.3079	-5.1380	-5.8436	-6.3185
-1.0816	-1.9373	-2.8467	-3.8856	-4.4483	-5.4005	-5.6605	-6.4015
-1.4868	-1.9043	-2.9322	-3.6451	-4.3507	-5.4041	-6.1134	-6.4320
-1.2122	-1.8421	-3.2459	-3.7354	-4.3494	-5.0794	-5.7728	-6.5980
-1.1914	-2.2510	-3.1568	-4.0089	-4.3922	-5.4652	-6.1195	-6.6810
-1.4075	-2.2193	-2.9151	-4.0076	-4.3909	-5.2100	-5.8155	-6.4442
-1.5161	-2.3340	-2.6807	-4.0613	-4.5191	-5.1173	-5.6995	-6.8519
-1.3989	-2.4366	-2.6844	-3.6146	-4.8219	-5.0977	-5.9034	-6.7091
-1.6333	-1.9934	-2.7076	-3.9881	-4.7523	-5.5592	-5.8961	-6.7311
-1.5039	-1.8921	-2.6917	-3.5499	-4.4385	-5.4127	-6.2574	-6.6285
-1.1170	-2.2669	-3.2642	-3.9246	-4.6693	-5.1124	-6.1707	-6.6334
-1.0584	-2.3413	-3.2044	-3.8196	-4.4080	-5.1112	-6.2391	-6.8299
-1.3660	-2.3072	-2.8162	-3.8782	-4.8304	-5.1502	-5.8363	-6.7286
-1.6345	-2.4195	-3.0445	-3.9612	-4.2908	-5.5640	-5.7691	-6.8556
-1.6345	-2.3157	-3.2972	-3.6512	-4.6058	-5.2210	-6.0792	-6.3661
-1.2708	-2.3694	-2.8138	-3.5767	-4.6717	-5.0782	-6.1549	-6.8898
-1.6504	-2.2583	-3.1348	-3.9710	-4.7974	-5.3724	-5.9828	-6.3954
-1.2927	-2.1668	-3.3204	-4.0491	-4.3763	-5.4261	-6.1146	-6.4820
-1.2464	-2.3999	-2.8724	-4.0113	-4.8670	-5.4810	-5.7594	-6.6969
-1.1438	-2.0410	-2.8003	-3.6732	-4.3067	-5.1649	-6.2037	-6.8739
-1.1792	-2.0203	-2.9969	-3.7171	-4.3568	-5.1698	-5.7630	-6.7042
-1.6052	-2.4073	-3.1470	-3.5767	-4.6571	-5.5665	-6.0389	-6.7225
-1.5601	-2.3450	-2.9627	-3.7330	-4.3189	-5.5384	-6.1268	-6.5284
-1.4209	-1.9849	-2.9334	-4.0491	-4.5411	-5.1417	-6.3233	-6.8263
-1.4759	-2.2693	-3.2166	-4.1224	-4.5411	-5.4884	-5.7813	-6.8873
-1.7273	-2.5232	-3.0372	-3.8636	-4.6217	-5.5604	-6.0706	-6.4479
-1.6162	-2.4817	-3.0237	-3.6988	-4.3641	-5.2442	-6.2794	-6.6212
-1.4734	-2.1314	-3.2654	-3.8025	-4.9317	-5.5860	-5.8302	-6.8421
-1.4966	-2.3902	-3.0909	-4.1468	-4.7156	-5.0819	-6.0243	-6.8299
-1.2488	-2.3987	-3.1800	-4.1846	-4.4971	-5.1893	-6.1146	-6.9825
-1.4844	-2.4475	-3.3924	-3.9490	-4.7315	-5.2552	-5.8949	-6.5895
-1.7053	-2.3218	-2.9261	-4.1859	-4.5667	-5.4823	-5.8228	-6.4796
-1.2268	-2.2754	-3.3973	-3.7086	-4.3787	-5.3126	-5.8643	-6.4784
-1.3867	-2.4280	-2.8504	-4.1712	-4.6351	-5.6385	-6.0621	-6.7103
-1.6675	-2.3877	-2.8882	-3.6793	-4.6839	-5.2332	-5.8326	-6.7054
-1.7505	-2.3011	-3.1312	-3.8123	-4.4666	-5.2198	-6.1805	-6.5455
-1.6834	-2.3206	-3.3936	-3.6829	-4.9574	-5.3455	-5.8473	-6.4320
-1.3928	-2.3084	-3.4009	-3.8135	-4.9220	-5.3016	-6.3832	-6.4710
-1.2988	-2.3523	-3.0091	-4.2408	-4.8145	-5.6519	-6.3331	-6.6969
-1.6748	-2.3206	-2.9725	-4.0443	-4.5826	-5.3956	-6.1646	-6.7103
-1.3172	-2.2303	-3.2215	-4.0980	-5.0098	-5.1539	-5.9083	-6.7445
-1.5479	-2.2449	-3.4656	-4.0540	-4.7755	-5.1783	-6.3282	-6.5577
-1.7420	-2.2974	-3.1348	-3.7440	-4.6497	-5.3834	-6.4186	-6.9483
-1.3770	-2.5391	-3.0286	-4.2066	-4.9976	-5.6129	-6.2171	-6.6957
-1.4063	-2.2132	-3.2996	-4.1419	-5.0269	-5.5177	-5.9571	-6.9313
-1.3660	-2.3487	-3.1641	-3.7952	-4.9427	-5.2747	-6.3319	-6.7237
-1.7932	-2.6856	-2.9297	-4.2530	-5.0428	-5.3126	-6.2916	-6.6993
-1.7847	-2.4207	-2.9554	-3.9771	-4.7242	-5.6788	-6.1622	-6.8824
-1.8640	-2.3865	-3.1324	-3.9576	-5.0294	-5.6214	-5.8888	-6.5589
-1.3904	-2.6380	-3.4913	-4.0919	-4.5032	-5.2027	-6.2074	-6.7762
-1.8799	-2.6856	-2.9346	-3.9869	-4.5814	-5.3272	-6.1378	-7.0484
-1.8579	-2.5367	-3.2911	-3.9905	-4.7083	-5.6104	-6.4039	-6.5040
-1.8323	-2.1704	-3.1031	-4.0430	-4.5716	-5.4578	-6.1781	-7.0546
-1.3977	-2.4353	-3.3277	-3.9588	-5.0672	-5.3797	-6.3490	-6.5785
-1.6602	-2.5721	-3.3741	-3.9258	-4.9854	-5.5213	-6.1219	-6.7469
-1.5869	-2.1619	-3.0555	-4.0394	-4.8255	-5.6275	-6.1280	-6.6542
-1.4844	-2.6941	-3.2752	-4.0552	-4.5374	-5.2235	-6.0804	-6.8959
-1.5930	-2.1717	-3.0323	-3.9649	-4.7767	-5.2308	-5.9351	-6.6517
-1.8225	-2.5293	-3.5535	-4.2017	-5.1026	-5.5970	-6.3905	-7.0045
-1.3965	-2.2803	-3.3484	-4.2713	-5.0843	-5.5579	-6.3026	-6.6822
-1.4258	-2.5928	-3.3960	-4.0040	-4.7401	-5.3236	-6.0352	-7.0240
-1.4160	-2.1827	-3.2483	-3.8343	-4.9061	-5.5872	-5.9229	-6.9715
-1.6895	-2.6429	-3.0603	-4.1041	-5.1160	-5.4603	-6.4723	-6.6871
-1.5369	-2.5818	-3.1543	-3.9893	-5.0220	-5.4359	-6.0755	-6.5895
-1.4917	-2.2058	-3.4937	-4.2591	-5.1283	-5.7679	-6.4588	-6.6297
-1.9336	-2.7112	-3.0958	-4.2518	-5.0575	-5.6849	-6.0511	-6.9715
-1.6114	-2.3059	-3.5621	-3.8782	-4.7364	-5.8265	-6.4771	-7.1156
-1.4954	-2.6624	-3.5340	-4.0528	-4.9085	-5.5018	-6.3771	-7.0399
-1.9519	-2.3828	-3.2752	-4.3421	-4.5789	-5.5726	-5.9547	-6.7628
-1.6492	-2.7051	-3.1812	-3.8538	-4.9683	-5.5677	-6.0414	-6.7384
-1.7725	-2.6209	-3.4083	-4.1285	-5.0074	-5.8143	-6.4955	-6.6688
-1.7871	-2.6221	-3.4327	-3.8782	-5.1478	-5.6007	-6.3185	-6.9483
-1.7053	-2.6746	-3.3313	-4.1358	-5.1014	-5.7618	-6.1012	-6.7311
-1.8909	-2.8211	-3.1885	-4.0345	-5.1038	-5.4847	-6.1939	-7.0192
-1.5869	-2.7930	-3.6304	-4.0113	-4.7034	-5.3492	-5.9986	-6.7799
-1.5589	-2.4695	-3.2776	-4.4385	-5.0684	-5.7874	-6.1903	-7.0900
-1.8799	-2.5428	-3.3338	-3.8746	-4.6351	-5.7630	-6.0621	-7.0973
-2.0252	-2.4182	-3.0848	-4.1444	-4.8646	-5.8912	-6.1915	-6.8153
-1.5003	-2.5354	-3.1385	-4.2420	-5.1307	-5.7642	-6.2403	-7.1412
-1.5906	-2.7210	-3.1751	-4.0626	-4.7376	-5.7179	-6.2672	-7.0924
-1.6382	-2.5525	-3.2337	-4.1529	-4.8536	-5.8143	-6.1805	-6.6773
-1.8445	-2.5647	-3.1177	-3.8917	-4.9769	-5.6507	-6.3001	-6.9837
-1.7896	-2.6673	-3.5254	-4.0931	-4.7266	-5.5982	-6.0548	-6.8983
-1.8909	-2.5940	-3.5120	-4.4361	-4.9476	-5.8595	-6.2049	-6.6432
-1.7737	-2.5745	-3.2654	-4.1187	-5.1575	-5.7545	-6.1830	-6.7481
-1.5735	-2.4341	-3.2154	-3.9380	-5.1038	-5.6300	-6.1622	-7.2389
-1.9629	-2.7137	-3.6683	-4.3885	-5.0587	-5.3956	-6.0584	-7.0533
-1.7017	-2.4170	-3.1604	-3.9991	-4.8255	-5.6825	-6.2379	-6.6835
-1.7090	-2.3890	-3.3436	-4.4788	-5.0806	-5.6336	-6.3734	-6.8409
-1.8701	-2.9065	-3.5889	-4.1041	-5.0367	-5.7044	-6.6078	-6.7518
-1.9605	-2.7051	-3.3191	-4.5142	-4.8280	-5.9071	-6.2464	-6.8666
-1.8946	-2.4231	-3.6695	-3.9490	-4.8304	-5.4652	-6.5834	-7.0106
-1.8994	-2.8809	-3.6646	-4.4935	-4.8902	-5.7044	-6.4417	-7.1424
-2.0227	-2.9688	-3.5291	-3.9637	-4.6973	-5.9535	-6.6407	-7.1461
-2.1534	-2.5806	-3.7171	-4.2090	-5.2650	-5.6898	-6.5980	-6.8544
-1.9727	-2.7515	-3.2715	-4.0394	-4.9488	-5.6910	-6.2403	-6.8812
-2.0313	-2.4390	-3.5059	-4.3799	-4.9818	-5.8277	-6.6542	-6.6957
-1.7493	-2.7124	-3.2081	-4.0516	-4.7413	-5.4652	-6.4540	-7.1070
-2.1424	-2.7832	-3.3790	-4.1700	-4.7303	-5.9083	-6.4735	-6.9862
-1.8726	-2.8479	-3.4803	-4.3824	-5.3016	-5.8509	-6.5895	-6.8055
-1.6236	-2.9615	-3.6255	-4.1151	-5.2833	-5.4701	-6.6639	-7.0021
-1.8006	-2.7369	-3.6817	-4.0528	-4.7535	-5.9327	-6.2159	-7.1730
-1.9617	-2.4646	-3.5035	-4.2481	-5.3199	-5.5311	-6.4112	-7.2926
-1.9593	-2.6636	-3.6902	-4.2420	-4.9390	-5.6397	-6.5895	-6.7494
-1.8225	-2.6526	-3.2642	-4.0259	-5.2540	-5.5055	-6.6993	-7.2157
-2.1595	-2.9468	-3.2837	-4.6143	-5.0501	-5.6556	-6.6773	-6.7384
-2.0740	-2.4805	-3.7733	-4.0516	-5.0562	-5.5348	-6.3355	-7.2560
-1.8299	-2.6575	-3.5767	-4.4422	-4.8463	-5.5604	-6.3844	-6.7372
-1.8116	-2.6209	-3.7427	-4.2005	-5.0831	-5.8119	-6.3758	-7.1498
-2.0362	-2.5525	-3.6316	-4.3348	-4.8817	-5.5396	-6.1744	-7.0546
-2.1778	-2.9932	-3.5486	-4.1456	-5.0965	-5.9022	-6.1488	-7.0167
-2.1118	-2.5928	-3.6963	-4.3604	-4.9342	-5.7215	-6.6969	-6.8470
-1.7993	-2.6819	-3.6634	-4.4825	-5.0929	-5.8741	-6.4845	-7.2743
-1.6785	-3.0713	-3.6219	-4.5728	-4.8255	-6.0963	-6.6175	-7.0301
-1.7981	-2.8711	-3.6732	-4.2518	-4.9268	-5.6202	-6.3355	-6.7713
-2.0679	-2.7405	-3.6902	-4.3323	-5.2491	-5.8387	-6.4332	-7.2157
-1.8286	-2.5599	-3.7098	-4.4691	-5.1368	-5.9852	-6.6029	-6.9117
-1.7578	-2.9297	-3.6353	-4.6400	-4.9928	-5.6422	-6.3038	-6.8287
-2.0948	-2.6917	-3.4705	-4.4459	-5.3663	-5.6861	-6.7604	-7.3756
-1.9873	-2.6770	-3.4742	-4.4495	-5.3663	-5.8338	-6.2770	-6.8360
-1.7749	-3.0799	-3.6463	-4.1175	-5.1978	-6.0426	-6.2843	-7.2450
-2.1851	-2.8540	-3.7293	-4.2054	-5.0257	-5.7057	-6.5101	-7.2706
-2.2547	-2.9346	-3.7464	-4.5631	-4.9647	-6.0987	-6.6712	-7.3353
-1.9922	-3.0860	-3.8514	-4.5594	-4.9952	-5.8350	-6.2977	-7.1559
-1.9434	-2.5794	-3.5206	-4.3372	-5.3907	-6.1500	-6.2696	-7.1107
-2.0948	-2.8821	-3.6475	-4.4971	-5.2967	-5.6141	-6.6944	-6.8312
-1.9019	-2.7869	-3.7879	-4.1920	-5.4029	-5.8656	-6.4967	-7.0179
-2.0374	-2.7576	-3.5047	-4.2652	-5.1722	-5.5738	-6.5418	-7.2792
-1.8689	-2.8980	-3.6585	-4.5985	-5.3639	-6.0182	-6.6749	-7.2035
-2.2571	-2.9566	-3.4131	-4.6949	-5.1099	-6.1061	-6.2940	-7.0448
-2.2864	-3.1458	-3.7623	-4.4776	-4.8939	-6.0023	-6.6456	-6.8446
-1.9068	-2.7857	-3.7952	-4.7266	-5.2686	-5.5909	-6.4405	-6.9667
-2.1204	-2.7832	-3.4693	-4.7242	-5.4945	-6.1634	-6.4015	-7.0716
-2.0740	-2.9261	-3.9271	-4.3372	-5.1014	-5.7240	-6.5309	-7.0985
-2.0911	-3.0079	-3.5193	-4.5252	-5.3785	-5.9254	-6.3075	-7.2926
-1.8164	-2.9725	-3.9673	-4.4617	-5.3846	-6.0352	-6.6029	-7.2364
-1.8946	-2.6880	-3.8441	-4.2933	-5.0904	-6.1097	-6.7298	-6.9215
-1.9763	-3.1458	-3.9783	-4.5191	-5.4383	-5.6178	-6.8067	-7.4391
-2.2315	-3.0823	-3.7903	-4.3897	-5.3333	-5.8643	-6.4564	-7.0973
-2.4134	-3.0262	-3.5499	-4.7413	-5.1539	-6.0560	-6.4247	-7.3610
-2.0252	-2.9725	-3.5511	-4.4446	-5.3931	-6.1854	-6.5235	-7.0167
-2.2254	-2.6758	-3.8306	-4.2908	-5.2186	-5.9437	-6.5028	-7.3671
-2.2535	-2.7808	-3.7867	-4.4874	-5.1637	-5.6483	-6.8434	-7.4501
-2.3755	-3.1617	-3.5462	-4.7938	-5.5396	-6.2135	-6.4759	-7.2694
-1.9702	-2.7015	-4.0455	-4.2701	-5.3736	-5.7264	-6.4259	-7.0741
-2.3169	-2.8846	-4.0320	-4.2591	-5.4713	-5.8619	-6.7860	-7.4415
-2.1326	-3.2215	-3.5999	-4.3897	-5.4078	-5.9181	-6.6053	-7.1949
-2.0154	-2.8992	-4.0479	-4.8060	-5.2369	-6.0731	-6.7127	-6.9483
-2.2242	-3.2483	-4.0601	-4.4190	-5.3346	-6.0743	-6.4625	-7.4696
-2.1765	-3.2447	-3.6121	-4.7877	-5.5579	-5.9437	-6.3990	-7.0729
-2.2791	-3.0311	-3.6060	-4.6241	-5.5323	-5.7179	-6.6554	-7.0362
-2.0716	-2.8650	-3.6231	-4.7181	-5.4725	-6.0060	-6.4710	-7.0387
-1.9092	-2.8907	-3.8087	-4.6961	-5.1112	-5.7752	-6.6383	-7.4342
-2.1607	-3.1373	-3.6817	-4.7950	-5.5689	-5.7594	-6.4698	-6.9349
-2.3304	-3.1409	-3.8587	-4.8719	-5.1392	-6.0975	-6.6920	-7.1327
-1.9178	-2.9932	-4.1212	-4.8280	-5.2027	-5.9889	-6.8690	-7.0411
-2.3828	-2.8138	-3.7891	-4.6632	-5.2674	-5.9852	-6.9435	-7.4549
-2.4561	-3.0481	-3.8306	-4.7584	-5.1283	-6.2928	-6.9056	-7.1522
-2.3597	-3.1885	-4.0980	-4.5753	-5.1563	-5.9156	-6.3929	-7.1022
-1.9556	-3.1226	-4.0772	-4.5887	-5.3175	-6.2074	-6.6041	-7.1070
-2.4292	-2.9090	-3.5779	-4.8377	-5.3004	-6.2635	-6.7433	-7.4769
-2.4842	-2.7698	-3.9332	-4.9073	-5.1893	-5.7301	-6.3966	-7.3085
-2.2669	-3.3167	-3.7379	-4.7279	-5.4481	-6.0340	-6.6188	-7.2132
-2.4219	-2.9981	-4.1028	-4.4105	-5.6349	-5.8497	-6.7555	-7.4501
-2.4683	-2.9712	-3.6329	-4.8951	-5.4371	-5.7789	-6.5907	-7.4977
-2.0935	-3.1995	-4.1431	-4.6314	-5.6385	-6.0645	-6.6126	-7.0423
-2.3853	-2.9761	-3.6817	-4.8841	-5.4078	-6.3246	-6.4076	-7.1949
-2.1827	-2.8724	-3.8917	-4.4605	-5.5079	-6.1134	-6.5846	-7.1351
-2.1472	-3.3057	-4.0955	-4.8634	-5.4371	-6.3014	-6.4149	-7.5746
-2.1668	-3.3448	-3.6939	-4.8743	-5.2943	-5.8949	-6.8043	-7.2474
-2.2815	-3.3252	-3.9063	-4.9512	-5.1600	-6.2635	-6.5834	-7.4330
-2.3340	-2.9029	-4.0223	-4.6595	-5.6190	-5.9998	-6.5345	-7.0875
-2.1460	-2.9212	-4.1859	-4.5325	-5.1917	-6.2123	-6.7298	-7.2193
-2.2156	-3.3143	-3.9039	-4.5374	-5.5018	-5.8289	-6.8043	-7.0777
-2.5489	-3.0249	-4.0760	-4.5936	-5.5592	-6.1305	-6.7481	-7.1656
-2.6062	-3.1543	-4.1492	-4.6888	-5.5799	-5.9193	-7.0277	-7.0851
-2.3767	-3.1348	-4.0076	-4.6424	-5.3211	-5.8973	-6.8287	-7.2023
-2.1863	-3.1275	-3.9698	-4.6778	-5.3407	-6.0755	-7.0289	-7.5392
-2.4158	-3.0445	-4.1321	-4.4324	-5.1942	-5.8167	-6.4881	-7.4903
-2.5562	-2.9969	-4.2115	-4.5814	-5.1380	-5.8863	-6.6700	-7.5636
-2.5818	-3.3668	-3.9417	-4.4923	-5.3785	-5.9461	-6.5870	-7.1461
-2.4537	-3.3069	-3.9722	-4.9085	-5.2235	-5.8558	-6.6725	-7.2963
-2.1411	-3.0591	-3.6988	-4.8463	-5.1820	-6.0157	-6.5663	-7.1620
-2.1778	-2.9078	-3.8294	-4.7291	-5.3687	-6.1219	-7.0460	-7.2169
-2.3352	-2.9468	-4.0565	-4.9390	-5.6471	-5.9571	-7.0607	-7.3329
-2.6221	-3.0823	-4.2689	-4.5972	-5.6910	-6.3917	-6.7103	-7.4696
-2.4121	-3.2508	-3.8831	-4.7669	-5.5738	-6.4283	-6.5321	-7.3866
-2.4927	-3.2703	-4.1028	-4.6790	-5.6788	-5.8546	-6.7237	-7.1913
-2.2425	-3.5096	-4.0955	-4.7938	-5.3443	-6.3355	-6.8885	-7.5001
-2.1326	-3.3912	-4.3018	-4.6717	-5.6165	-6.1158	-6.9020	-7.4342
-2.5513	-3.1067	-4.2713	-4.6839	-5.3492	-6.3612	-6.5126	-7.6307
-2.5537	-3.1727	-4.0150	-4.9354	-5.6080	-6.3172	-6.6517	-7.4916
-2.1387	-2.9957	-4.0870	-5.0233	-5.6141	-5.8900	-7.0863	-7.4403
-2.6526	-3.2740	-3.7952	-4.6131	-5.8045	-6.0645	-6.9862	-7.2230
-2.3096	-3.2215	-4.1321	-4.8450	-5.4212	-5.9303	-6.6175	-7.4183
-2.4451	-3.4119	-4.0284	-4.5582	-5.4261	-5.9498	-6.5602	-7.5795
-2.2925	-3.4510	-4.3397	-4.5533	-5.3370	-6.0389	-6.8568	-7.6051
-2.6831	-3.4815	-3.9527	-4.8597	-5.3907	-6.2794	-6.6835	-7.5270
-2.4707	-3.4949	-4.2127	-4.6497	-5.6336	-6.0523	-6.9361	-7.5245
-2.6844	-3.4876	-4.2872	-4.7645	-5.5335	-6.3990	-6.7579	-7.5721
-2.2034	-3.2313	-4.2444	-5.0623	-5.3199	-6.0047	-6.5809	-7.2999
-2.3560	-3.4668	-3.8575	-5.0050	-5.4408	-6.4137	-6.8946	-7.2889
-2.4500	-3.1336	-4.3458	-5.0599	-5.3602	-6.0560	-6.9422	-7.5843
-2.4195	-3.4107	-4.0186	-4.7242	-5.2638	-6.5174	-6.9398	-7.6417
-2.3999	-3.5938	-4.0699	-4.9879	-5.3028	-6.4161	-6.6212	-7.6857
-2.2339	-3.1922	-4.0784	-5.0001	-5.3541	-6.3197	-6.7030	-7.3109
-2.6929	-3.0494	-4.0406	-4.9866	-5.3065	-6.0719	-6.6883	-7.2889
-2.4268	-3.0933	-3.9283	-4.5692	-5.2796	-5.9644	-6.7787	-7.4183
-2.6441	-3.3069	-4.3714	-4.9220	-5.7594	-6.3099	-6.7201	-7.5831
-2.7112	-3.1250	-4.2628	-5.1527	-5.8582	-6.0609	-6.9728	-7.2511
-2.2754	-3.4632	-4.2933	-4.9036	-5.7105	-6.4405	-6.8092	-7.5856
-2.7173	-3.5572	-4.4056	-4.7828	-5.7765	-6.4039	-7.1278	-7.1876
-2.5293	-3.4400	-4.1810	-4.6155	-5.4908	-6.1256	-6.6029	-7.6661
-2.8125	-3.6390	-4.3384	-4.9256	-5.4163	-6.5040	-6.7494	-7.4232
-2.5061	-3.2996	-3.9759	-5.0379	-5.7398	-6.5040	-6.7189	-7.6759
-2.5318	-3.3289	-4.3201	-5.0062	-5.8802	-6.1085	-7.0253	-7.2926
-2.6783	-3.1727	-4.0125	-4.7730	-5.8314	-6.5126	-7.1766	-7.4659
-2.4060	-3.3814	-4.2017	-4.8609	-5.7447	-6.4271	-6.7054	-7.3500
-2.4402	-3.6597	-4.2908	-5.0208	-5.5665	-6.4442	-6.7567	-7.3256
-2.3084	-3.2142	-4.4324	-4.6912	-5.6788	-6.0475	-6.9056	-7.3671
-2.3255	-3.6121	-4.4019	-4.9354	-5.9193	-6.2477	-6.7481	-7.3878
-2.4353	-3.5547	-4.0845	-4.9158	-5.7508	-6.4002	-7.1815	-7.2352
-2.7149	-3.3741	-4.4092	-5.0880	-5.4835	-6.5504	-6.9422	-7.4403
-2.9029	-3.4400	-4.3079	-4.9207	-5.9095	-6.1170	-7.1925	-7.5087
-2.7527	-3.7012	-4.5032	-4.7401	-5.7752	-6.0841	-6.7042	-7.7186
-2.6111	-3.1495	-4.3140	-5.1014	-5.4688	-6.3331	-6.8910	-7.2609
-2.4268	-3.4070	-4.0967	-4.8792	-5.5396	-6.4918	-6.8544	-7.6881
-2.7698	-3.2386	-4.3006	-4.6912	-5.4371	-6.1097	-7.0509	-7.3048
-2.4976	-3.1897	-4.1553	-4.8414	-5.4786	-6.5589	-7.1974	-7.4696
-2.6233	-3.5523	-4.1810	-4.9866	-5.4371	-6.2599	-6.7872	-7.4257
-2.6246	-3.4522	-4.1199	-4.9354	-5.7655	-6.6334	-7.0436	-7.4635
-2.3743	-3.4620	-4.1041	-4.7669	-5.4310	-6.5748	-7.0863	-7.7967
-2.4903	-3.3362	-4.2335	-4.8707	-5.9852	-6.4540	-6.9337	-7.3756
-2.5135	-3.2801	-4.3861	-4.7242	-5.6507	-6.6456	-7.1266	-7.4122
-2.9200	-3.3350	-4.2591	-5.1795	-5.6446	-6.5736	-6.7677	-7.6417
-2.5391	-3.2923	-4.2237	-5.2869	-5.9144	-6.0926	-7.2059	-7.3060
-2.8162	-3.7305	-4.0150	-5.0416	-5.9071	-6.1830	-6.9252	-7.2535
-2.6844	-3.3790	-4.0345	-5.0465	-5.5604	-6.5846	-6.8702	-7.7809
-2.6758	-3.6097	-4.4923	-4.9134	-5.9156	-6.3404	-6.9923	-7.5819
-2.6429	-3.2435	-4.1675	-5.1771	-5.7655	-6.6725	-7.2279	-7.4330
-2.7198	-3.4937	-4.1859	-4.9476	-5.7154	-6.5907	-6.8885	-7.8016
-2.6929	-3.2300	-4.2383	-4.8682	-5.8741	-6.2061	-7.2865	-7.5746
-2.8138	-3.7635	-4.4117	-5.2210	-5.5775	-6.3929	-6.7872	-7.5196
-3.0213	-3.3594	-4.2493	-5.1417	-5.7215	-6.5602	-6.8727	-7.6625
-2.9981	-3.6805	-4.4385	-4.7633	-5.9315	-6.5504	-7.0460	-7.5978
-2.4512	-3.5450	-4.5167	-4.8841	-5.5567	-6.6664	-7.1534	-7.3194
-2.8101	-3.4156	-4.4092	-4.7706	-5.4823	-6.4247	-6.9288	-7.3768
-2.5647	-3.8184	-4.3922	-5.2662	-5.9730	-6.2281	-6.9679	-7.7601
-3.0091	-3.6732	-4.0699	-5.2442	-5.9388	-6.5699	-6.9288	-7.3024
-2.8284	-3.3631	-4.5924	-5.1722	-6.0279	-6.5553	-6.9496	-7.8175
-2.5000	-3.5157	-4.4874	-5.2076	-5.9400	-6.5553	-6.8995	-7.3524
-2.9200	-3.7269	-4.1224	-5.0184	-5.5702	-6.5821	-7.0509	-7.7699
-3.0616	-3.5889	-4.3848	-5.3309	-5.7740	-6.3880	-7.1742	-7.8578
-2.6514	-3.6585	-4.3983	-5.1881	-5.7630	-6.6944	-7.0655	-7.7589
-2.6709	-3.3448	-4.2542	-5.1588	-5.5140	-6.7396	-7.2902	-7.3304
-3.0933	-3.5242	-4.3738	-5.0477	-6.0145	-6.5565	-7.1595	-7.4208
-2.6258	-3.6719	-4.4923	-5.1392	-5.5311	-6.1720	-7.1229	-7.4855
-2.9017	-3.7354	-4.6680	-4.9732	-5.6959	-6.5345	-7.1925	-7.9103
-2.6709	-3.5145	-4.1212	-5.0367	-5.8277	-6.7628	-6.7970	-7.4720
-3.0420	-3.7781	-4.4874	-5.3809	-5.8692	-6.7213	-7.2425	-7.9225
-2.7247	-3.7012	-4.3104	-5.3700	-5.9583	-6.5248	-7.2230	-7.6905
-3.1153	-3.6304	-4.5484	-5.1466	-5.6153	-6.5602	-6.9337	-7.5209
-2.8016	-3.5694	-4.7083	-5.2296	-5.5592	-6.2391	-7.0192	-7.6234
-3.0835	-3.3924	-4.6094	-5.4310	-5.5518	-6.2745	-7.1547	-7.7626
-2.9383	-3.5865	-4.5618	-4.9049	-6.0645	-6.6761	-7.2328	-7.8578
-2.5904	-3.5096	-4.5875	-5.1099	-5.9657	-6.4857	-6.9923	-7.9200
-3.1202	-3.7818	-4.4434	-4.9097	-5.8412	-6.4186	-7.0668	-7.9091
-2.6905	-3.7989	-4.4910	-5.1905	-6.1341	-6.6456	-7.2523	-7.5123
-2.6038	-3.9673	-4.3763	-5.0062	-6.1097	-6.2892	-7.4098	-7.6527
-2.7747	-3.6707	-4.3409	-5.4456	-6.0499	-6.4552	-7.3841	-7.7211
-2.8418	-3.9600	-4.3580	-5.0306	-6.0670	-6.5772	-7.1534	-7.5380
-2.8919	-3.5608	-4.6925	-5.2320	-5.7459	-6.6957	-7.2047	-7.4257
-2.6123	-3.8148	-4.2872	-5.1185	-5.8131	-6.6590	-7.3231	-7.6234
-3.0762	-3.9442	-4.7694	-4.9195	-5.8241	-6.4479	-7.4257	-7.6173
-2.7393	-3.4400	-4.4898	-5.3272	-5.6800	-6.4259	-7.4000	-7.7967
-2.6722	-3.7720	-4.7791	-5.5116	-6.1732	-6.3185	-7.1803	-7.4354
-3.0164	-3.4314	-4.4385	-5.2650	-6.1500	-6.5101	-7.0472	-7.9994
-2.6575	-3.6890	-4.6436	-5.2747	-5.9034	-6.2696	-6.9447	-7.9823
-2.7369	-3.4900	-4.4837	-5.5140	-5.9864	-6.7066	-7.2328	-7.8553
-3.1727	-3.8611	-4.5216	-5.3626	-5.6593	-6.4381	-7.2609	-7.7565
-3.0176	-3.8526	-4.5765	-5.4542	-5.7520	-6.7994	-7.1608	-7.4916
-2.8394	-3.5987	-4.7364	-5.2393	-5.7569	-6.7628	-7.4708	-7.6710
-3.1202	-3.7110	-4.7926	-5.2882	-5.9425	-6.7897	-7.1864	-7.7650
-2.8919	-3.9844	-4.4984	-5.3053	-6.0999	-6.6090	-7.4293	-7.6844
-2.7808	-3.8416	-4.6558	-5.0721	-5.7057	-6.5162	-6.9496	-7.4903
-2.8956	-3.8953	-4.8292	-5.3211	-6.1109	-6.7958	-7.4415	-7.6210
-2.7295	-3.8318	-4.2713	-5.5299	-5.7655	-6.4808	-7.0973	-7.8578
-3.0811	-3.8306	-4.2908	-5.2357	-5.8521	-6.8177	-6.9764	-7.9982
-2.8211	-3.4974	-4.8377	-5.2882	-5.9535	-6.8775	-7.4073	-7.8676
-3.0603	-3.7330	-4.3079	-5.4090	-5.9498	-6.8714	-7.0021	-7.8505
-3.1580	-3.7159	-4.3848	-5.2955	-5.7264	-6.6126	-7.3133	-7.5477
-2.9529	-3.8196	-4.2921	-5.0355	-5.7240	-6.8824	-7.5001	-7.9554
-2.8138	-3.6463	-4.2884	-5.4517	-5.8973	-6.5345	-7.0314	-7.5795
-3.3191	-3.5987	-4.5667	-5.3724	-6.1109	-6.7237	-7.4012	-8.0580
-2.7601	-3.9576	-4.4019	-5.4273	-6.1537	-6.6529	-7.4842	-7.7272
-3.2728	-3.9026	-4.4971	-5.1649	-5.9852	-6.4503	-7.5038	-7.6967
-2.7893	-4.0479	-4.7791	-5.4945	-6.1915	-6.3697	-7.2279	-7.6600
-2.8174	-4.1077	-4.8060	-5.0648	-6.2892	-6.5162	-7.3976	-7.6258
-3.2435	-4.0797	-4.3983	-5.5482	-6.2318	-6.4991	-7.1705	-7.7748
-2.7625	-3.5621	-4.5069	-5.4652	-5.7569	-6.8031	-7.1962	-7.6417
-3.1348	-3.9930	-4.6900	-5.3297	-5.7508	-6.4955	-7.5074	-7.6246
-2.8565	-3.6085	-4.4288	-5.5177	-6.2379	-6.8458	-7.4525	-8.0128
-3.0726	-3.7391	-4.6583	-5.2589	-5.8009	-6.4784	-7.0362	-7.9445
-2.9017	-3.6121	-4.7340	-5.1612	-6.0206	-6.6529	-7.2926	-7.8944
-2.7906	-4.1004	-4.4080	-5.4517	-5.9413	-6.8568	-7.2877	-7.8724
-3.2923	-4.1810	-4.8487	-5.3455	-5.7618	-6.9374	-7.3353	-7.9628
-2.8687	-3.9222	-4.4691	-5.3468	-5.9571	-6.7518	-7.0497	-7.5770
-3.1250	-3.7977	-4.5899	-5.2576	-6.0108	-6.9398	-7.2169	-7.6368
-2.8589	-3.9271	-4.5228	-5.1331	-5.7887	-6.6273	-7.0924	-7.8822
-3.1385	-3.8367	-4.6839	-5.5445	-5.9278	-6.4503	-7.3207	-7.7015
-3.0091	-3.9478	-4.5252	-5.3748	-6.0536	-6.7091	-7.0900	-8.0922
-3.2239	-3.9942	-4.8975	-5.5396	-6.2196	-6.6383	-7.4977	-7.5355
-2.9932	-3.7537	-4.6339	-5.4322	-6.1744	-6.6139	-7.3512	-8.0140
-2.9639	-3.7147	-4.5594	-5.2894	-6.0548	-6.6749	-7.5917	-7.7345
-3.0274	-3.8672	-4.5289	-5.4908	-6.1012	-6.7738	-7.5392	-7.5880
-3.3460	-4.2103	-4.8853	-5.1746	-5.9962	-6.9557	-7.3671	-7.9359
-3.2044	-3.9966	-4.5435	-5.5848	-6.2367	-6.8568	-7.1998	-7.7089
-3.0945	-3.8904	-4.7047	-5.5384	-6.1195	-6.9300	-7.0338	-7.6466
-3.4131	-3.8587	-4.9866	-5.2235	-6.1634	-6.5980	-7.4867	-8.0494
-3.3948	-3.9844	-4.5850	-5.7118	-5.9449	-6.5260	-7.1693	-7.6649
-3.2630	-4.0027	-4.8646	-5.4115	-6.3673	-6.6224	-7.4818	-7.8907
-3.0127	-3.9673	-4.9574	-5.4322	-6.1549	-6.9703	-7.4427	-7.9078
-3.2117	-4.2359	-4.8109	-5.2808	-6.3624	-6.8690	-7.1278	-8.1398
-3.0298	-4.1846	-4.8389	-5.6800	-6.1256	-6.8177	-7.1485	-7.6320
-3.2911	-3.8489	-4.6107	-5.3114	-6.4173	-6.8141	-7.1461	-7.9615
-3.1568	-4.2799	-4.7608	-5.2906	-6.2477	-6.9764	-7.5184	-8.0653
-3.0262	-4.2420	-4.9232	-5.7557	-6.2770	-6.9007	-7.1644	-8.0018
-3.4681	-4.0150	-4.8927	-5.3907	-6.0548	-6.7298	-7.4586	-7.8273
-3.1690	-3.7452	-4.8072	-5.6666	-6.2916	-6.9606	-7.4452	-7.6088
-3.1202	-4.0980	-4.9647	-5.4151	-5.9449	-6.9642	-7.6661	-7.9518
-3.2154	-3.8514	-4.6485	-5.5189	-6.1402	-7.0411	-7.6051	-8.0616
-3.2813	-4.0064	-4.7974	-5.7362	-5.9083	-6.7933	-7.5599	-7.9200
-3.1336	-4.0320	-4.8829	-5.6385	-5.9535	-7.0265	-7.1424	-7.9969
-3.4534	-4.0174	-4.8231	-5.4871	-6.0487	-6.7799	-7.6002	-7.6783
-3.2923	-3.7696	-4.7193	-5.2235	-6.2440	-6.8690	-7.1644	-7.8273
-3.1995	-4.2237	-4.8133	-5.7899	-5.9132	-6.7677	-7.4183	-7.8651
-3.1788	-3.9796	-5.0721	-5.5714	-6.0218	-6.8067	-7.3048	-8.1740
-3.2642	-4.1675	-5.0001	-5.7728	-6.2147	-6.6993	-7.5392	-7.6368
-3.1287	-4.2347	-4.8743	-5.5042	-6.3331	-6.9935	-7.4611	-7.6869
-3.1067	-4.2603	-4.8048	-5.8058	-6.3563	-6.8470	-7.5062	-7.8944
-3.0518	-4.1920	-4.6168	-5.7911	-5.9718	-7.1254	-7.7064	-8.0702
-3.2154	-4.2103	-4.5631	-5.3175	-6.1585	-6.8312	-7.6088	-7.9030
-3.5523	-3.8148	-5.0587	-5.7765	-6.2123	-6.6578	-7.6234	-7.7101
-3.2435	-3.8441	-4.8438	-5.4212	-6.3807	-7.0546	-7.6014	-7.9237
-3.4583	-4.2029	-4.7645	-5.4029	-6.5333	-6.8385	-7.4269	-7.8956
-3.1263	-3.9356	-4.5850	-5.5457	-6.2489	-7.1156	-7.2389	-8.2313
-3.3460	-4.2103	-4.8231	-5.4371	-6.3404	-6.7311	-7.2853	-8.2472
-3.6097	-4.0308	-4.6082	-5.4530	-6.3832	-6.6444	-7.3890	-8.1483
-3.0603	-4.2774	-5.1710	-5.2955	-6.0938	-7.0350	-7.2511	-8.1398
-3.1727	-3.8685	-5.1490	-5.4664	-6.3148	-6.7225	-7.5685	-8.0592
-3.4485	-4.2506	-5.1246	-5.6654	-6.0316	-6.7189	-7.1839	-8.1300
-3.3570	-4.2103	-5.1820	-5.4981	-6.2184	-7.1058	-7.6600	-7.8456
-3.2764	-4.2115	-5.0965	-5.7350	-6.0975	-6.8348	-7.2731	-7.7772
-3.2862	-4.0613	-4.7413	-5.8705	-6.2354	-7.0533	-7.2413	-7.7052
-3.3582	-4.0980	-4.7266	-5.8180	-6.4601	-7.1547	-7.3671	-8.2728
-3.1958	-3.9014	-4.8536	-5.7386	-6.3978	-6.7530	-7.3109	-7.7760
-3.4803	-3.9332	-5.2052	-5.7752	-6.2440	-6.9874	-7.4916	-7.8614
-3.1543	-4.1016	-5.0550	-5.7252	-6.5516	-6.9422	-7.2084	-7.7662
-3.5254	-4.0479	-4.9989	-5.8387	-6.4515	-7.2059	-7.7845	-8.0702
-3.5926	-3.9564	-5.1209	-5.7337	-6.2879	-6.7372	-7.5441	-7.7772
-3.4009	-4.1028	-5.1722	-5.6446	-6.2892	-6.8739	-7.2108	-7.9274
-3.4229	-4.3055	-4.9891	-5.7838	-6.0597	-6.8544	-7.7247	-7.9261
-3.5596	-3.9222	-5.1185	-5.6483	-6.0914	-7.0692	-7.6954	-7.7967
-3.5706	-4.1590	-4.6851	-5.6275	-6.5126	-6.8385	-7.6710	-7.9713
-3.7269	-4.3091	-4.8768	-5.5567	-6.0462	-6.9093	-7.4415	-7.7931
-3.2923	-3.9210	-4.8499	-5.5799	-6.6078	-7.0851	-7.7528	-8.1434
-3.4253	-4.2786	-5.0660	-5.7484	-6.1195	-6.7738	-7.4623	-8.0104
-3.7073	-4.4202	-4.8573	-5.5421	-6.5504	-6.6664	-7.5074	-8.1617
-3.7000	-4.2750	-5.0037	-5.7044	-6.5821	-6.7359	-7.3024	-8.1532
-3.5193	-4.1273	-5.1478	-5.8265	-6.5064	-7.1595	-7.3634	-8.0641
-3.4424	-4.0040	-5.0318	-5.4261	-6.1329	-6.7787	-7.3585	-7.7504
-3.7391	-4.1859	-4.7498	-5.5811	-6.5370	-6.8653	-7.3744	-7.8309
-3.6768	-4.4996	-4.9598	-5.9620	-6.4161	-7.0546	-7.6857	-7.9738
-3.6597	-4.0601	-4.7132	-5.8570	-6.4259	-7.1717	-7.7076	-8.2448
-3.7403	-4.0662	-5.0416	-5.7240	-6.1634	-7.0008	-7.6332	-8.3095
-3.4583	-4.1431	-5.1295	-6.0047	-6.0975	-6.9410	-7.4415	-8.2899
-3.4498	-4.1529	-4.8890	-5.4908	-6.4845	-6.7530	-7.4586	-7.8004
-3.7122	-3.9979	-4.9293	-5.6031	-6.4991	-6.9789	-7.6869	-7.9457
-3.5901	-4.2579	-5.2503	-5.9242	-6.2745	-6.9911	-7.6649	-8.1508
-3.4949	-4.0516	-5.0611	-5.9254	-6.4906	-6.8629	-7.4452	-8.0153
-3.5340	-4.5228	-4.9232	-5.7423	-6.6664	-7.0716	-7.3085	-8.1935
-3.2801	-4.1468	-5.2271	-5.9608	-6.3856	-7.2132	-7.3854	-7.8981
-3.2581	-4.4691	-5.1771	-5.8375	-6.4552	-6.7591	-7.8248	-8.0275
-3.3594	-4.0638	-5.3199	-5.9400	-6.3709	-7.2206	-7.6674	-7.9200
-3.5755	-4.1187	-5.1820	-5.6104	-6.5284	-6.7506	-7.8566	-8.3339
-3.4693	-4.0455	-5.0428	-6.0609	-6.1390	-6.9679	-7.5697	-8.0494
-3.3558	-4.5154	-5.2308	-5.8863	-6.4869	-6.7994	-7.6759	-7.9017
-3.6207	-4.1212	-5.3358	-5.8106	-6.3050	-6.7591	-7.5148	-7.8297
-3.3533	-4.0577	-5.1649	-5.8460	-6.6712	-6.8397	-7.6088	-8.3583
-3.7159	-4.6351	-5.0001	-5.6922	-6.2403	-7.0423	-7.4903	-8.1019
-3.4278	-4.4154	-5.2003	-5.9474	-6.5870	-6.9142	-7.6625	-8.0897
-3.7794	-4.3690	-5.1209	-5.9522	-6.6908	-7.1327	-7.8785	-7.9261
-3.3741	-4.4617	-4.9537	-6.0536	-6.3282	-7.0948	-7.7491	-8.1642
-3.5840	-4.6668	-5.0977	-5.9010	-6.4051	-6.9435	-7.8773	-8.1129
-3.7464	-4.3946	-4.8609	-5.9559	-6.2037	-6.8116	-7.9115	-8.0629
-3.4705	-4.5606	-5.2662	-5.6397	-6.5589	-6.9020	-7.5294	-8.1434
-3.6805	-4.4617	-5.2100	-5.8973	-6.3612	-7.1766	-7.3451	-7.9994
-3.3753	-4.2945	-5.3211	-5.9864	-6.7799	-7.2840	-7.3426	-7.8968
-3.5193	-4.2860	-5.1624	-5.9010	-6.4149	-7.3072	-7.6295	-8.2496
-3.6561	-4.6534	-5.1453	-6.0023	-6.5711	-6.9325	-7.9200	-8.1752
-3.8416	-4.5924	-5.3785	-5.6934	-6.2647	-7.2523	-7.5441	-7.8724
-3.5157	-4.4825	-5.0330	-5.9095	-6.7408	-7.3841	-7.7784	-8.2264
-3.8831	-4.1285	-5.2406	-5.8302	-6.3294	-7.3194	-7.5038	-8.2374
-3.6304	-4.2152	-5.3138	-5.8253	-6.6200	-7.3951	-7.7821	-8.0714
-3.5633	-4.3946	-4.8841	-5.8192	-6.5638	-7.3951	-7.3744	-8.1471
-3.3692	-4.5972	-5.3785	-5.6812	-6.6957	-7.0680	-7.7601	-8.4279
-3.7073	-4.1651	-5.4127	-5.8460	-6.6896	-6.8751	-7.9042	-7.9652
-3.4217	-4.2139	-5.1063	-5.7508	-6.4295	-7.1705	-7.9335	-8.2374
-3.8770	-4.2164	-4.9317	-6.1036	-6.4149	-6.9862	-7.9457	-8.3400
-3.6243	-4.2139	-5.0843	-5.9742	-6.2855	-7.2670	-7.9420	-8.1849
-3.7903	-4.2493	-5.3724	-6.1097	-6.2672	-7.1095	-7.6820	-8.3302
-3.7855	-4.6302	-5.0404	-5.8790	-6.7543	-7.4403	-7.6686	-8.2325
-3.5486	-4.6131	-4.9110	-5.8363	-6.6065	-7.1107	-7.6515	-8.3290
-3.9063	-4.3128	-5.2589	-5.7130	-6.7787	-7.0192	-7.4623	-8.1373
-3.8624	-4.4361	-5.4005	-5.6349	-6.6651	-7.2609	-7.7699	-8.1886
-3.8111	-4.4471	-5.0147	-5.7618	-6.3807	-6.8983	-7.7650	-7.9774
-3.8746	-4.5447	-5.3895	-6.1585	-6.5589	-6.9618	-7.5624	-8.3461
-3.9686	-4.2811	-5.1917	-5.6800	-6.2794	-7.0680	-7.5380	-8.0800
-3.7879	-4.3909	-5.1551	-5.8924	-6.3197	-7.0741	-7.5807	-7.9481
-3.9185	-4.6534	-5.5091	-6.2123	-6.3258	-7.1400	-7.4818	-8.3449
-3.8843	-4.3775	-5.1185	-5.8717	-6.7201	-7.4379	-7.8334	-8.3778
-3.6976	-4.3128	-5.3516	-6.1158	-6.3197	-7.4659	-7.8676	-8.1666
-3.5572	-4.5826	-5.4774	-6.0121	-6.4955	-7.4000	-8.0092	-8.3754
-4.0601	-4.6473	-5.1856	-5.6947	-6.8397	-7.2682	-7.5587	-8.1642
-3.9344	-4.6839	-5.2271	-6.2318	-6.7726	-6.9422	-7.7003	-8.1691
-3.7086	-4.8060	-4.9903	-6.1158	-6.4649	-6.9654	-7.8334	-8.3046
-3.8990	-4.4874	-5.3895	-5.7777	-6.4918	-7.1998	-7.8309	-8.1935
-3.7171	-4.6290	-5.0843	-5.7350	-6.8031	-7.4940	-7.8163	-8.4230
-3.9173	-4.4446	-5.0306	-6.1512	-6.8312	-7.3890	-7.8785	-8.4205
-3.5523	-4.5679	-5.1429	-6.0291	-6.7115	-7.2328	-7.6967	-8.1581
-3.8648	-4.3873	-5.0941	-6.2293	-6.6346	-7.1351	-7.9030	-8.2814
-3.7037	-4.4092	-5.0306	-6.1109	-6.7250	-7.3329	-7.7589	-8.0653
-3.8526	-4.6436	-5.0208	-5.7972	-6.8373	-6.9935	-7.5660	-8.3900
-4.1053	-4.4080	-5.0220	-6.2647	-6.8836	-7.4354	-8.0006	-8.3497
-3.8453	-4.7706	-5.3761	-6.0645	-6.4857	-7.1766	-7.5636	-8.0739
-3.7635	-4.6033	-5.4273	-6.0597	-6.9508	-7.4061	-7.7675	-8.1874
-3.8941	-4.6729	-5.0733	-5.9962	-6.5687	-7.4806	-8.0421	-8.2899
-3.9796	-4.7474	-5.6226	-6.0865	-6.6419	-7.2499	-7.7687	-8.0555
-3.7574	-4.5325	-5.2003	-5.8350	-6.6358	-7.2035	-7.6320	-7.9615
-3.7745	-4.8304	-5.4627	-6.0731	-6.4527	-7.0423	-7.9078	-8.4474
-3.7269	-4.7303	-5.6434	-5.8277	-6.8299	-7.4794	-7.8676	-8.0909
-3.7171	-4.4080	-5.5213	-6.0145	-6.6761	-7.4549	-7.5062	-8.0092
-3.6512	-4.5740	-5.3138	-6.1500	-6.9068	-6.9960	-8.0104	-8.0922
-3.7440	-4.9207	-5.5030	-6.0975	-6.4356	-7.2779	-7.9274	-8.2557
-3.7635	-4.6192	-5.3712	-6.2306	-6.4613	-7.3256	-7.6808	-8.1166
-3.9905	-4.8231	-5.0770	-6.0255	-6.9044	-7.5416	-8.0018	-8.1007
-3.7061	-4.8023	-5.2467	-5.8766	-6.9520	-7.4452	-7.6796	-8.3705
-3.8099	-4.9073	-5.2967	-6.1402	-6.7359	-7.2511	-7.8517	-8.5792
-3.9539	-4.9525	-5.2735	-5.7984	-6.5296	-7.2633	-7.8077	-8.4498
-3.8038	-4.6278	-5.2271	-6.1512	-6.4820	-7.5026	-7.9200	-8.5756
-3.6365	-4.7303	-5.1063	-6.3355	-6.8568	-7.5465	-7.7028	-8.4559
-3.6439	-4.4288	-5.1722	-6.2599	-6.4222	-7.2108	-7.9908	-8.3436
-3.7733	-4.7449	-5.1502	-6.1805	-6.7372	-7.4403	-7.6515	-8.3290
-4.0943	-4.4654	-5.6934	-5.8827	-6.7897	-7.2364	-8.0140	-8.2362
-3.8843	-4.6790	-5.5836	-5.9046	-6.5370	-7.4012	-7.6258	-8.3644
-4.2444	-4.5325	-5.4420	-5.9754	-6.7921	-7.3097	-7.7345	-8.0287
-4.0308	-4.4190	-5.3834	-6.0829	-6.6151	-7.3121	-8.0970	-8.5475
-4.1260	-4.5863	-5.5775	-5.9632	-6.6419	-7.1522	-8.1117	-8.0421
-3.8257	-4.5740	-5.5506	-6.0182	-6.9410	-7.6173	-7.8724	-8.4681
-3.7452	-4.6717	-5.1991	-6.0584	-6.5772	-7.6075	-7.9530	-8.4706
-3.8672	-4.6046	-5.7350	-6.0682	-6.7250	-7.4391	-7.9115	-8.4559
-3.9002	-4.8463	-5.1624	-5.9937	-6.4869	-7.5612	-7.7272	-8.1056
-4.1639	-4.5472	-5.6605	-6.3673	-7.0448	-7.5087	-7.9530	-8.2972
-4.0101	-4.5045	-5.3138	-6.1402	-6.7384	-7.4696	-7.9994	-8.4620
-3.7549	-4.9378	-5.3504	-6.1549	-6.8641	-7.0887	-7.9408	-8.3632
-4.1431	-4.7059	-5.3114	-6.2342	-6.6004	-7.4830	-7.8505	-8.2997
-3.9380	-4.9378	-5.3492	-6.0975	-6.8605	-7.4965	-7.6527	-8.3351
-4.0345	-4.4959	-5.4444	-5.9046	-6.8678	-7.3695	-8.1068	-8.3522
-4.2957	-4.6595	-5.7520	-6.4173	-6.6542	-7.2340	-8.1166	-8.3302
-3.9173	-5.0343	-5.6690	-6.3954	-7.0900	-7.6417	-7.9591	-8.2509
-4.1175	-4.4898	-5.2296	-6.2123	-6.8287	-7.3085	-7.6429	-8.2240
-4.1444	-4.7181	-5.2259	-6.2940	-6.9899	-7.6832	-8.1910	-8.2472
-3.8245	-5.0172	-5.4493	-6.3868	-6.7555	-7.5563	-8.0470	-8.1776
-4.2152	-4.5069	-5.2650	-6.2501	-6.6957	-7.4708	-7.8053	-8.5414
-3.9991	-4.5557	-5.3016	-5.9718	-6.6212	-7.1754	-7.6735	-8.5609
-4.1968	-4.8475	-5.4737	-5.9071	-6.9593	-7.4977	-7.8468	-8.6073
-3.8050	-5.0660	-5.3272	-6.2513	-7.0533	-7.6417	-7.6234	-8.0800
-4.3580	-5.0025	-5.5042	-6.2245	-6.9874	-7.5062	-8.0287	-8.3131
-4.2164	-4.8902	-5.5409	-6.4906	-6.9410	-7.2389	-7.7772	-8.4999
-4.1822	-4.7681	-5.7887	-6.3990	-7.0631	-7.6039	-8.1532	-8.4511
-4.0357	-4.6656	-5.6556	-6.2550	-6.6676	-7.5819	-8.2191	-8.5707
-3.8013	-5.0086	-5.3761	-6.2000	-6.9691	-7.5929	-7.7443	-8.2618
-4.3287	-4.8585	-5.3089	-5.9400	-7.1254	-7.5428	-7.6661	-8.1520
-4.2176	-4.5716	-5.7496	-6.4808	-6.8177	-7.4965	-8.0678	-8.3534
-3.8428	-5.0831	-5.4847	-6.0951	-6.9496	-7.3756	-7.8883	-8.1373
-3.9295	-5.0184	-5.6532	-6.1158	-6.6725	-7.4806	-8.1544	-8.2374
-4.0333	-4.6302	-5.7447	-6.1488	-6.9374	-7.4403	-7.9359	-8.5817
-3.9564	-5.1514	-5.5177	-6.1183	-6.7726	-7.1815	-8.0299	-8.6439
-3.8868	-4.7913	-5.6446	-6.1305	-6.6786	-7.5282	-7.9664	-8.6232
-3.8611	-5.1331	-5.8851	-5.9681	-7.1608	-7.4269	-7.7382	-8.4511
-4.3519	-5.1807	-5.5702	-6.0011	-7.1754	-7.3890	-8.2631	-8.2118
-4.3799	-4.6131	-5.8338	-6.5357	-6.7079	-7.1669	-8.1630	-8.2081
-4.3568	-4.8682	-5.7496	-6.1732	-6.8702	-7.2511	-8.2679	-8.6305
-4.0430	-5.0562	-5.6043	-6.4076	-6.9337	-7.5941	-8.2570	-8.2655
-4.0406	-4.6937	-5.8888	-6.2379	-6.6700	-7.7528	-8.0031	-8.2228
-4.2017	-4.8646	-5.6226	-6.0108	-6.8348	-7.2694	-8.2667	-8.6903
-4.3738	-4.8011	-5.3919	-6.0902	-7.1681	-7.4611	-7.6942	-8.3156
-4.4544	-4.7010	-5.5262	-6.3416	-6.7140	-7.4501	-8.1544	-8.6024
-4.3873	-5.1575	-5.3870	-6.4540	-7.0777	-7.6027	-7.9957	-8.3473
-4.0687	-5.0196	-5.5885	-6.4820	-7.1974	-7.2108	-7.8260	-8.4889
-4.3922	-4.8804	-5.9486	-6.4076	-7.0472	-7.7821	-7.8212	-8.1910
-4.0076	-4.7852	-5.7459	-6.5345	-7.0631	-7.5709	-7.9542	-8.3388
-4.4105	-5.1649	-5.7276	-6.3050	-6.8922	-7.7150	-8.1593	-8.6781
-4.1553	-5.0013	-5.8192	-6.3404	-7.0680	-7.2181	-7.8065	-8.7599
-4.3946	-5.0050	-5.7728	-6.5064	-7.0143	-7.7443	-8.1093	-8.5255
-4.1419	-5.0330	-5.7398	-6.6065	-7.1693	-7.2377	-7.8639	-8.5084
-4.4593	-4.7193	-5.5592	-6.0987	-6.8336	-7.5721	-8.0958	-8.4608
-4.1700	-4.9354	-5.7789	-6.4332	-6.7518	-7.4281	-8.2521	-8.6134
-4.4984	-5.2772	-5.6056	-6.4234	-6.8067	-7.3829	-8.3009	-8.7465
-4.0333	-4.7755	-5.5665	-6.2342	-7.2523	-7.4379	-7.7675	-8.7001
-4.4154	-5.2259	-5.9083	-6.2000	-6.8568	-7.7650	-8.2875	-8.5023
-4.5496	-5.1575	-5.5189	-6.4649	-6.9850	-7.2804	-8.2936	-8.7184
-4.3470	-4.8096	-5.5628	-6.2513	-7.1949	-7.8407	-7.8199	-8.6354
-4.1834	-4.7486	-5.8631	-6.3490	-6.7665	-7.2670	-7.8346	-8.2618
-4.2896	-5.3004	-5.9864	-6.4308	-6.7481	-7.5892	-8.2960	-8.7599
-4.0674	-5.0062	-5.6666	-6.1976	-7.1376	-7.3231	-7.9359	-8.2985
-4.3214	-5.3175	-5.7472	-6.1427	-6.9789	-7.7675	-8.1678	-8.3290
-4.0296	-5.2979	-5.4530	-6.1415	-6.7933	-7.5233	-7.9139	-8.6940
-4.2274	-4.9598	-5.5836	-6.6700	-6.7201	-7.4452	-7.9664	-8.3522
-4.0211	-5.2296	-5.6349	-6.6481	-7.0045	-7.4098	-8.0714	-8.7343
-4.3287	-5.1246	-5.6373	-6.3014	-7.1901	-7.5172	-8.1300	-8.3241
-4.3384	-5.1710	-5.5348	-6.6554	-7.0472	-7.7162	-8.1349	-8.2557
-4.5020	-5.0330	-5.6715	-6.2525	-6.8226	-7.6417	-8.0262	-8.5499
-4.0455	-4.9781	-6.0145	-6.4894	-6.8190	-7.2975	-8.0702	-8.7636
-4.4092	-5.1588	-5.8985	-6.3917	-6.8910	-7.3524	-7.9750	-8.2692
-4.2066	-5.1234	-5.4932	-6.5943	-7.0741	-7.8553	-8.3119	-8.5609
-4.3189	-5.3504	-6.0035	-6.3661	-6.9337	-7.7919	-8.2802	-8.5817
-4.5032	-4.8133	-5.5799	-6.2513	-7.2413	-7.8553	-8.1862	-8.6769
-4.5325	-5.3736	-5.5128	-6.2770	-7.1998	-7.8419	-7.8114	-8.3595
-4.4532	-5.1575	-5.5885	-6.7005	-6.8873	-7.6527	-7.9603	-8.7916
-4.2750	-5.1051	-5.5006	-6.2599	-7.1705	-7.7064	-7.8322	-8.3351
-4.6485	-5.1649	-5.7020	-6.2953	-7.3036	-7.5966	-8.1483	-8.6952
-4.4471	-5.1380	-5.5116	-6.6920	-6.9349	-7.4696	-8.2118	-8.5560
-4.6400	-5.0745	-5.5274	-6.4015	-6.9374	-7.9200	-7.9982	-8.7123
-4.2811	-5.2845	-5.7911	-6.5919	-7.1656	-7.7223	-8.3656	-8.4327
-4.2322	-5.3834	-5.6519	-6.2159	-7.1363	-7.7870	-8.1959	-8.6427
-4.2066	-5.3577	-5.9754	-6.2110	-7.2389	-7.5367	-8.0543	-8.7355
-4.5386	-5.0562	-5.8656	-6.7250	-6.8641	-7.5123	-8.3839	-8.4108
-4.2774	-5.1051	-5.9144	-6.3587	-7.2633	-7.3976	-8.2106	-8.5280
-4.6094	-5.0489	-5.9815	-6.4393	-7.1290	-7.8785	-7.9896	-8.5951
-4.3983	-5.3211	-5.8949	-6.5235	-7.1022	-7.9200	-8.1630	-8.6818
-4.6571	-5.2308	-6.0706	-6.7103	-7.0057	-7.6698	-8.2484	-8.5463
-4.5435	-5.3822	-5.6715	-6.6004	-7.1986	-7.3841	-8.2582	-8.8075
-4.4788	-4.9146	-6.0768	-6.2586	-6.8605	-7.7882	-8.2277	-8.7160
-4.3909	-4.9696	-5.8875	-6.2184	-6.9984	-7.6515	-8.2899	-8.3790
-4.2847	-5.1795	-6.0475	-6.5003	-7.3793	-7.5880	-8.0543	-8.7819
-4.7376	-5.1893	-5.8997	-6.4613	-6.9825	-7.4928	-8.3253	-8.4584
-4.3201	-5.1930	-5.7557	-6.6688	-7.3890	-7.7919	-7.9384	-8.7709
-4.7340	-4.9036	-5.8045	-6.7958	-7.0814	-7.9176	-8.3229	-8.6220
-4.4910	-5.1405	-6.1280	-6.7445	-7.0838	-7.4208	-8.3949	-8.3876
-4.5020	-5.4517	-6.0633	-6.7945	-6.9105	-7.8907	-8.3656	-8.6806
-4.5936	-4.9500	-5.8680	-6.7750	-7.0533	-7.9176	-8.0787	-8.7330
-4.7608	-5.1795	-5.9266	-6.6615	-7.1864	-7.8651	-8.2777	-8.6098
-4.5301	-5.4115	-5.8778	-6.8019	-7.3011	-7.6747	-8.1959	-8.6390
-4.6558	-5.3565	-6.0597	-6.5577	-6.9581	-7.8993	-8.4596	-8.4743
-4.5423	-5.1087	-5.8912	-6.7860	-6.8751	-7.9542	-7.9396	-8.7819
-4.3824	-5.3089	-5.7679	-6.5260	-7.4293	-7.5917	-8.3033	-8.3485
-4.2322	-5.1405	-5.8912	-6.5321	-7.0924	-7.4159	-8.3107	-8.6171
-4.8048	-5.3419	-6.2196	-6.4161	-7.3841	-7.7980	-8.2228	-8.8478
-4.5887	-5.4493	-5.7398	-6.8165	-6.9581	-7.4427	-8.1434	-8.7013
-4.6925	-5.4627	-5.8729	-6.4063	-7.0094	-7.5575	-8.0775	-8.6500
-4.6131	-5.3382	-5.9974	-6.3075	-6.9996	-7.8639	-7.9274	-8.8136
-4.5325	-5.3065	-6.0999	-6.3380	-6.9239	-7.6210	-7.9994	-8.6183
-4.5399	-5.2076	-5.7545	-6.8910	-7.0851	-7.4830	-8.2411	-8.4840
-4.3665	-5.2625	-6.0145	-6.8275	-7.2023	-7.9738	-8.0128	-8.7318
-4.2664	-5.2674	-5.8521	-6.4002	-7.2486	-7.5978	-8.1666	-8.7208
-4.6046	-5.2015	-5.6934	-6.8019	-6.9984	-7.7601	-8.2643	-8.6061
-4.7791	-5.4749	-6.1085	-6.3368	-7.3194	-7.7296	-8.5194	-8.9284
-4.4605	-5.5921	-5.8021	-6.4186	-7.1717	-7.6112	-8.0494	-8.6195
-4.7706	-5.4481	-6.1451	-6.3941	-7.1437	-7.9493	-8.4743	-8.6403
-4.5679	-5.0367	-6.0218	-6.3905	-7.5087	-7.7638	-8.4279	-8.6390
-4.4739	-5.6007	-6.2086	-6.7872	-7.4086	-7.5966	-8.1910	-8.6378
-4.8121	-5.5885	-5.8729	-6.7140	-6.9569	-7.9933	-8.2606	-8.5426
-4.6827	-5.2576	-6.1988	-6.3746	-7.4720	-7.6088	-8.4340	-8.4791
-4.5509	-5.4786	-6.1390	-6.5931	-7.4379	-7.5343	-8.0262	-8.7501
-4.5740	-5.5885	-5.8912	-6.7848	-7.3805	-8.0482	-8.4047	-8.8222
-4.6412	-5.0440	-6.0951	-6.7591	-7.4806	-8.0031	-8.2521	-8.9393
-4.3409	-5.3272	-5.7642	-6.9386	-7.5013	-8.0226	-8.3583	-8.9503
-4.6632	-5.4481	-6.1305	-6.4051	-7.2474	-7.9310	-8.5316	-8.5792
-4.8096	-5.4994	-6.0230	-6.5760	-7.5441	-8.0116	-8.0360	-8.4987
-4.3458	-5.6092	-6.1707	-6.7018	-7.5489	-8.0800	-8.3571	-8.6513
-4.6668	-5.1466	-6.2245	-6.7836	-7.3829	-7.9921	-8.0885	-8.5756
-4.3934	-5.1234	-5.9095	-6.5284	-7.0814	-7.7723	-8.5426	-8.5731
-4.8902	-5.4505	-6.1036	-6.9154	-7.2865	-7.9652	-8.4962	-8.6903
-4.9085	-5.3907	-6.2306	-6.5956	-7.4452	-7.8163	-8.4462	-8.5292
-4.7633	-5.4603	-5.7948	-6.9178	-7.5441	-7.8761	-8.2008	-8.4791
-4.4166	-5.3394	-5.8277	-6.9703	-7.3683	-8.0287	-7.9945	-8.7855
-4.5081	-5.6153	-6.0621	-6.6603	-7.4830	-7.5453	-8.3241	-8.8270
-4.8927	-5.5494	-6.2367	-7.0033	-7.1363	-7.7626	-8.5133	-8.4279
-4.9097	-5.2699	-6.1195	-6.4527	-7.4989	-7.7894	-8.1996	-8.7941
-4.7840	-5.1844	-6.0597	-6.4466	-7.0143	-7.6307	-8.1483	-8.8746
-4.5374	-5.6226	-6.2611	-6.9776	-7.4818	-7.9469	-8.5927	-8.5426
-4.6400	-5.5055	-5.9852	-6.5907	-7.4708	-7.6283	-8.0909	-9.0101
-4.7730	-5.4347	-6.2782	-6.8092	-7.0399	-7.6027	-8.3241	-8.6598
-4.9305	-5.6068	-6.0169	-6.5772	-7.6063	-7.6625	-8.6012	-8.7050
-4.6339	-5.1588	-6.2916	-6.5406	-7.5196	-7.7162	-8.1019	-8.8808
-4.4764	-5.3333	-6.3001	-6.9325	-7.1754	-8.0739	-8.0385	-8.7440
-4.5972	-5.6654	-6.3758	-6.9105	-7.4403	-8.1434	-8.3412	-8.6195
-4.8719	-5.2088	-6.1415	-6.4894	-7.4147	-7.7650	-8.4779	-8.9491
-5.0306	-5.1661	-6.1805	-6.9252	-7.5111	-8.1617	-8.1886	-8.6879
-4.7083	-5.1624	-6.0389	-6.5101	-7.0631	-7.7211	-8.1471	-8.7050
-4.6107	-5.7362	-6.3551	-6.7884	-7.2572	-7.5953	-8.1508	-8.8234
-4.6046	-5.6507	-6.1048	-7.0143	-7.3902	-7.9359	-8.2374	-8.6830
-4.7474	-5.4420	-6.3795	-6.6188	-7.6503	-7.9432	-8.5170	-8.8173
-5.0245	-5.1832	-6.2892	-6.7066	-7.6222	-7.9432	-8.3400	-8.9711
-5.0184	-5.4701	-5.9840	-6.9813	-7.1266	-8.0983	-8.3839	-9.0321
-4.7071	-5.6471	-6.0096	-6.4942	-7.5648	-7.9298	-8.4657	-8.9918
-4.5826	-5.2430	-5.9767	-7.0106	-7.2157	-7.8785	-8.2826	-8.5316
-4.4923	-5.6361	-6.1695	-7.0167	-7.2291	-8.0726	-8.0726	-8.6317
-4.8121	-5.3516	-6.0670	-6.7347	-7.3658	-7.9469	-8.6024	-8.6061
-4.5399	-5.7704	-6.3905	-6.7726	-7.6527	-7.8566	-8.0861	-8.7648
-4.7144	-5.6776	-6.2892	-6.9984	-7.5660	-7.9408	-8.6159	-8.4962
-4.5606	-5.6239	-6.4320	-6.8385	-7.5343	-7.7992	-8.1300	-8.7794
-4.7596	-5.3187	-6.0340	-6.9960	-7.3744	-8.1947	-8.5011	-8.9162
-4.6412	-5.4481	-6.4161	-6.6017	-7.6478	-8.1813	-8.5475	-8.8991
-4.7047	-5.5140	-6.0670	-6.5858	-7.3414	-7.8627	-8.3729	-8.9833
-4.8634	-5.5006	-6.4564	-6.6761	-7.4757	-7.7662	-8.2289	-8.9125
-5.0147	-5.3675	-6.3539	-6.8226	-7.4342	-7.8492	-8.5035	-8.5389
-4.9354	-5.3639	-6.2806	-7.0387	-7.2267	-7.9274	-8.4340	-8.6952
-4.6961	-5.3748	-6.2892	-6.8812	-7.2633	-7.7296	-8.3461	-8.6732
-5.0123	-5.6788	-6.0560	-6.9422	-7.4684	-7.7736	-8.2179	-8.7379
-5.1099	-5.5482	-6.1183	-6.9776	-7.5062	-8.0751	-8.5646	-8.6561
-4.7242	-5.6605	-6.0145	-6.6493	-7.5453	-7.6735	-8.2582	-8.8649
-4.8109	-5.3394	-5.9669	-7.1009	-7.7333	-7.9835	-8.2557	-8.8515
-4.5997	-5.4273	-6.0768	-6.7530	-7.6100	-7.9786	-8.6757	-8.7672
-5.1588	-5.3687	-6.0572	-6.9300	-7.2328	-7.9945	-8.1740	-8.8551
-5.0916	-5.3309	-6.0780	-6.9044	-7.6417	-7.7540	-8.6647	-8.5206
-5.1551	-5.5457	-6.3429	-6.9679	-7.6356	-8.2240	-8.5560	-8.6098
-5.0025	-5.8729	-5.9925	-6.9325	-7.6796	-7.6954	-8.5133	-8.5182
-4.6571	-5.5946	-6.1280	-6.6554	-7.7394	-7.6832	-8.1483	-8.9332
-4.7059	-5.8314	-6.1610	-6.7787	-7.4379	-8.2606	-8.6305	-8.7868
-4.6143	-5.5824	-6.0914	-6.7091	-7.3353	-7.8065	-8.6293	-9.0443
-5.1759	-5.7935	-6.3099	-7.0118	-7.7382	-7.7919	-8.5719	-8.9162
-4.8817	-5.8436	-6.1195	-6.6346	-7.4305	-8.1764	-8.2374	-8.8893
-5.2113	-5.6703	-6.3856	-6.9569	-7.7321	-7.8407	-8.4633	-8.5878
-5.0550	-5.7008	-6.1183	-7.0607	-7.4769	-8.2435	-8.5914	-9.0614
-4.6583	-5.8277	-6.1683	-7.0253	-7.5257	-8.2948	-8.6256	-8.6915
-4.6900	-5.7935	-6.2525	-6.6554	-7.3927	-7.8614	-8.3217	-8.9308
-5.2369	-5.8119	-6.1061	-6.8287	-7.2071	-7.8993	-8.6012	-8.8588
-4.7266	-5.6043	-6.5589	-6.8617	-7.7894	-7.8029	-8.6891	-8.9699
-4.7681	-5.4701	-6.3355	-6.9154	-7.6661	-7.7858	-8.5780	-8.5817
-4.7205	-5.7777	-6.5797	-7.0130	-7.7955	-7.8859	-8.4144	-8.8734
-5.1930	-5.4786	-6.3075	-6.8885	-7.2267	-7.7943	-8.4144	-8.9406
-4.8585	-5.6532	-6.1817	-6.6615	-7.6820	-8.1068	-8.7001	-8.6879
-5.0050	-5.4688	-6.2123	-7.1327	-7.2633	-8.2020	-8.4645	-8.9296
-4.9940	-5.5836	-6.3832	-6.7054	-7.2865	-7.9530	-8.6586	-8.7343
-4.8682	-5.7496	-6.6041	-6.9386	-7.6344	-7.8444	-8.6036	-8.9796
-4.8621	-5.6641	-6.5834	-6.9117	-7.4415	-8.1361	-8.5341	-8.9369
-4.8499	-5.4322	-6.2293	-6.8299	-7.5013	-8.2399	-8.4535	-9.0846
-4.9122	-5.6568	-6.5797	-7.0411	-7.7967	-8.1178	-8.7294	-8.7416
-5.2369	-5.9583	-6.4454	-6.6871	-7.3573	-8.1202	-8.2033	-8.7269
-4.7291	-5.5128	-6.1964	-6.7738	-7.6429	-7.8297	-8.2301	-8.8466
-4.9659	-5.6214	-6.6517	-6.8702	-7.4488	-8.1483	-8.2411	-8.6024
-5.0587	-5.8985	-6.1122	-6.8324	-7.3390	-8.1984	-8.4315	-8.7257
-4.8499	-5.4945	-6.3099	-6.9483	-7.4025	-7.8505	-8.7745	-8.7416
-5.0330	-5.7264	-6.2818	-7.1107	-7.3365	-8.0775	-8.5597	-8.9528
-4.7974	-5.7545	-6.3722	-6.8202	-7.6515	-7.9347	-8.2570	-9.0431
-4.7962	-5.6678	-6.1598	-7.1974	-7.8053	-8.3644	-8.3021	-8.7257
-5.2430	-5.6056	-6.5052	-7.2413	-7.8578	-7.8212	-8.4132	-8.5902
-5.1295	-5.6910	-6.1305	-6.8971	-7.6564	-8.3290	-8.6281	-8.7953
-4.9696	-5.6068	-6.5162	-6.7530	-7.7394	-7.9615	-8.4633	-9.1786
-5.2723	-5.5775	-6.5296	-6.7616	-7.7699	-7.9420	-8.4120	-8.9870
-4.9317	-5.7935	-6.5748	-6.9960	-7.2926	-7.9725	-8.3473	-8.6427
-4.9525	-6.0499	-6.6688	-6.8104	-7.6173	-7.7919	-8.2655	-8.7245
-4.8865	-5.6092	-6.2416	-7.2486	-7.6210	-8.3497	-8.3510	-9.1798
-5.2100	-5.6971	-6.2623	-7.0570	-7.8883	-7.8151	-8.3583	-8.7599
-4.8133	-5.6202	-6.4906	-7.3426	-7.5587	-8.0031	-8.7318	-8.8771
-5.0208	-5.6995	-6.2513	-6.8360	-7.7150	-7.8248	-8.6403	-8.6940
-5.1392	-5.6483	-6.3355	-6.9935	-7.4903	-8.3729	-8.7428	-8.8307
-5.1209	-5.5543	-6.6273	-7.1217	-7.8981	-8.0250	-8.4730	-8.7025
-5.1649	-5.8973	-6.6542	-6.9215	-7.7870	-7.9652	-8.6561	-8.8771
-5.2332	-5.9962	-6.6627	-6.8629	-7.5282	-8.3473	-8.6476	-8.8624
-5.0929	-5.6703	-6.2171	-6.9801	-7.8187	-8.2655	-8.7929	-8.7160
-4.8927	-5.9303	-6.3282	-7.0985	-7.8163	-8.3656	-8.6183	-9.0773
-5.0477	-5.6995	-6.7030	-7.2792	-7.3902	-8.2704	-8.5414	-9.0333
-4.8682	-5.9498	-6.5223	-7.2902	-7.5135	-7.8322	-8.5158	-8.9992
-5.3004	-5.6727	-6.3355	-6.9081	-7.5599	-8.0140	-8.3876	-9.0297
-4.9940	-5.8656	-6.2965	-7.0387	-7.9420	-8.3912	-8.7855	-9.1554
-5.3004	-5.9535	-6.7018	-6.8653	-7.8651	-7.8846	-8.3375	-8.7416
-4.9879	-5.8277	-6.6773	-7.2193	-7.8126	-8.1117	-8.6036	-9.0748
-5.0916	-5.7118	-6.3758	-6.9813	-7.7504	-7.9628	-8.7428	-8.9711
-5.2796	-5.6544	-6.6969	-6.8983	-7.6564	-8.0092	-8.5023	-9.0114
-4.9464	-5.8448	-6.5480	-7.0399	-7.3866	-7.9310	-8.7269	-8.8051
-5.4347	-5.9535	-6.6102	-6.8629	-7.6466	-8.3705	-8.8002	-8.6696
-4.9805	-5.9010	-6.4479	-7.3109	-7.9042	-8.2118	-8.8075	-9.1456
-4.9805	-5.6483	-6.3258	-7.1412	-7.8224	-8.0836	-8.6232	-8.9284
-5.3870	-5.8119	-6.5687	-7.2670	-7.4110	-8.0861	-8.7245	-9.0321
-5.4298	-6.1061	-6.8299	-6.9337	-7.7162	-8.1532	-8.5292	-8.7684
-5.4578	-5.8094	-6.4967	-7.3146	-7.8212	-8.0201	-8.8612	-9.1652
-5.1099	-5.6556	-6.8104	-6.9337	-7.7797	-8.0360	-8.3351	-8.7953
-5.0086	-5.7533	-6.3270	-6.9154	-7.8773	-8.3876	-8.6744	-8.8380
-5.3809	-6.1207	-6.4808	-6.8556	-7.8065	-7.9579	-8.5426	-8.7636
-5.2015	-5.6593	-6.2977	-6.9154	-7.5795	-8.1996	-8.7135	-8.8490
-5.4652	-6.1402	-6.6090	-7.1534	-7.7565	-8.2435	-8.7575	-8.7062
-5.1759	-5.6214	-6.4112	-7.0643	-7.8053	-8.0250	-8.4523	-9.0431
-5.0721	-5.8912	-6.3368	-7.1559	-7.9823	-8.0397	-8.5231	-8.8527
-5.2674	-5.7337	-6.6578	-7.1449	-7.5392	-8.1190	-8.9076	-8.8209
-5.2210	-5.8204	-6.4100	-7.3817	-7.6551	-8.2387	-8.7391	-8.9613
-5.4359	-6.0243	-6.6444	-6.8959	-7.6954	-8.3461	-8.6671	-8.8759
-5.4713	-5.9644	-6.4015	-7.0704	-7.9896	-8.4096	-8.8881	-8.8392
-5.4920	-5.7704	-6.4149	-7.1376	-7.7418	-8.1044	-8.9149	-8.7111
-5.3382	-5.8753	-6.7359	-7.1046	-7.6649	-8.5133	-8.4620	-8.8698
-5.3175	-5.8289	-6.6810	-7.2987	-7.7296	-8.0543	-8.8563	-8.9699
-5.1258	-5.7459	-6.5126	-6.9386	-7.8553	-8.2362	-8.3839	-8.7343
-5.0941	-6.1622	-6.6395	-7.1363	-7.9115	-8.2374	-8.3424	-8.9577
-5.5518	-5.7350	-6.7372	-6.9178	-7.6515	-8.1117	-8.8368	-9.1432
-5.5286	-5.7569	-6.6041	-7.2682	-7.7711	-8.0104	-8.6915	-8.9662
-5.5677	-5.8949	-6.3380	-7.0082	-7.8883	-8.2435	-8.8869	-8.7550
-5.0758	-6.1573	-6.4295	-7.2902	-8.0494	-8.3583	-8.7221	-9.0028
-5.5860	-6.0902	-6.5968	-7.3207	-7.7662	-8.2362	-8.5072	-8.9027
-5.5616	-5.9852	-6.9313	-7.5074	-7.9664	-8.2301	-8.5719	-8.7098
-5.3065	-5.9290	-6.5748	-7.4330	-7.4794	-8.3131	-8.8063	-8.7233
-5.2149	-6.2647	-6.5187	-7.0546	-7.8444	-8.0580	-8.7233	-9.0968
-5.1405	-5.8851	-6.9313	-7.5196	-7.8383	-8.0458	-8.6488	-9.2750
-5.4871	-6.1488	-6.8104	-7.4232	-7.5380	-8.4865	-8.4315	-8.8551
-5.2345	-6.0230	-6.5541	-7.0729	-7.4977	-8.0787	-8.4828	-9.2689
-5.2784	-5.8460	-6.8678	-6.9886	-7.8590	-8.4901	-8.9442	-9.0944
-5.0990	-5.9217	-6.3844	-7.2291	-7.9799	-8.2545	-8.7660	-9.1908
-5.3602	-5.9388	-6.4186	-7.5319	-7.7955	-8.3082	-8.9320	-9.0590
-5.6263	-5.8045	-6.6383	-7.0924	-7.8981	-8.1361	-8.3888	-8.8270
-5.6056	-6.1183	-6.6737	-7.5624	-7.7430	-8.1605	-8.9125	-9.0578
-5.1234	-5.8582	-6.4344	-7.2657	-7.9835	-8.1349	-8.4974	-8.9894
-5.2125	-6.3001	-6.9654	-7.0509	-7.9261	-8.1801	-8.4706	-9.1872
-5.5348	-6.1610	-6.4186	-7.3658	-7.7125	-8.2325	-8.5255	-9.0394
-5.3248	-5.9571	-6.7604	-7.3487	-8.0250	-8.3314	-8.8893	-9.2567
-5.4615	-6.0072	-6.5895	-7.1559	-7.9249	-8.5121	-8.8112	-9.2140
-5.6617	-5.8375	-6.4930	-7.5099	-8.0006	-8.3424	-8.5719	-9.3117
-5.1966	-6.2330	-6.5199	-7.0692	-8.0555	-8.4743	-8.4279	-8.7538
-5.3407	-6.0951	-6.5846	-7.2255	-7.7162	-8.2240	-8.6671	-8.9638
-5.1392	-6.1390	-6.7872	-7.5319	-7.5575	-8.1715	-9.0065	-8.8185
-5.5042	-6.2098	-6.4723	-7.3414	-7.7675	-8.1947	-8.4950	-9.1090
-5.4298	-5.8192	-6.7958	-7.0887	-7.9249	-8.1227	-8.9613	-8.8234
-5.3419	-6.1183	-6.6334	-7.3817	-7.9054	-8.6122	-8.7697	-8.8600
-5.5640	-6.0816	-6.8006	-7.1290	-8.1190	-8.0507	-8.5145	-8.7575
-5.3175	-6.1317	-7.0082	-7.2828	-7.8614	-8.0897	-8.8270	-9.0639
-5.2308	-5.9754	-6.9349	-7.6136	-7.7967	-8.5951	-8.7221	-9.1102
-5.5958	-6.2696	-6.6273	-7.3085	-7.5685	-8.2277	-8.6500	-9.2323
-5.7264	-6.3160	-6.8312	-7.5941	-8.1288	-8.2472	-8.6964	-8.9967
-5.6617	-6.1756	-6.8360	-7.3817	-7.9945	-8.1373	-8.4901	-9.2653
-5.3822	-6.0108	-7.0533	-7.5428	-7.8309	-8.0653	-8.8368	-9.0809
-5.7533	-6.2501	-6.7176	-7.6051	-7.7577	-8.5609	-8.4938	-8.7745
-5.1942	-6.1817	-6.9117	-7.4757	-7.5843	-8.6122	-8.6476	-9.1041
-5.2784	-6.3697	-6.9203	-7.5892	-8.1605	-8.2033	-8.9332	-8.8112
-5.4432	-5.8936	-6.4991	-7.4781	-7.8651	-8.0653	-8.7672	-9.0065
-5.4456	-6.4149	-6.8836	-7.5746	-8.0092	-8.4535	-8.6195	-8.7868
-5.3211	-6.2745	-6.9068	-7.6307	-7.9664	-8.1544	-8.7916	-8.8563
-5.2869	-6.1976	-6.8592	-7.1620	-8.0372	-8.5109	-8.7391	-8.8026
-5.5567	-6.2452	-6.8544	-7.3304	-8.0238	-8.0800	-8.7013	-9.3690
-5.4847	-5.9779	-6.9398	-7.6307	-8.1373	-8.3082	-8.8734	-8.9723
-5.6397	-6.0438	-6.5126	-7.6210	-8.0372	-8.6390	-8.4852	-8.8356
-5.5933	-6.3990	-6.6810	-7.6674	-8.1813	-8.4388	-9.0224	-9.3483
-5.2454	-5.9474	-6.5309	-7.5148	-8.1056	-8.5524	-8.9625	-9.0517
-5.4664	-6.0060	-6.5296	-7.4891	-7.6429	-8.2802	-8.6354	-9.2457
-5.6629	-6.1988	-7.0558	-7.5172	-8.0409	-8.5866	-9.0138	-9.2323
-5.4810	-5.9718	-6.8458	-7.5734	-7.6295	-8.3217	-8.6281	-8.9662
-5.8155	-6.3343	-6.7689	-7.1534	-8.1971	-8.4816	-8.8014	-8.9467
-5.5628	-6.4247	-6.9288	-7.3744	-8.1019	-8.2850	-8.6146	-9.1237
-5.4871	-6.3038	-6.6957	-7.2938	-7.8993	-8.6744	-8.7965	-9.2384
-5.4139	-6.3697	-7.0448	-7.6576	-8.1019	-8.2521	-8.9308	-9.3739
-5.5518	-6.3990	-6.8434	-7.6759	-8.0616	-8.4242	-8.8026	-8.9516
-5.3333	-6.0157	-6.8446	-7.4171	-7.7760	-8.5890	-9.0553	-8.9320
-5.7899	-5.9791	-7.0192	-7.4330	-7.8187	-8.1361	-8.7831	-8.8563
-5.8424	-6.1012	-6.7994	-7.4037	-8.0006	-8.6757	-9.0394	-8.9015
-5.7215	-6.3905	-7.0594	-7.4159	-7.7467	-8.6903	-9.0822	-9.1713
-5.5128	-6.0157	-6.6151	-7.6515	-8.2069	-8.6207	-8.5304	-9.1994
-5.4261	-6.0987	-7.0484	-7.7211	-7.6869	-8.3619	-8.8551	-8.8930
-5.3907	-6.1305	-6.6639	-7.4000	-7.8065	-8.5963	-8.7941	-9.0822
-5.7728	-6.0108	-6.9532	-7.6136	-8.1776	-8.1483	-8.6867	-9.3153
-5.6214	-6.5187	-7.0069	-7.4220	-8.2167	-8.1605	-8.7428	-8.8649
-5.6385	-6.3978	-6.8373	-7.2523	-8.2716	-8.6964	-9.0236	-9.1615
-5.6715	-6.2818	-7.0228	-7.5428	-7.6832	-8.5768	-8.7611	-9.2555
-5.7362	-6.2232	-7.0924	-7.6161	-8.1642	-8.4230	-8.5939	-9.3019
-5.7581	-6.4735	-6.8238	-7.7760	-8.1093	-8.5463	-8.5292	-8.8710
-5.8436	-6.0658	-6.8653	-7.4281	-8.2216	-8.2435	-8.8331	-9.0822
-5.8741	-6.4308	-6.8922	-7.6344	-8.0751	-8.3302	-9.0455	-8.9674
-5.6226	-6.2440	-6.6773	-7.2792	-7.9969	-8.4938	-8.7123	-9.2519
-5.4066	-6.0877	-7.0961	-7.2682	-7.8700	-8.4718	-8.6549	-9.1652
-5.4469	-6.1451	-6.8507	-7.7540	-8.2667	-8.2594	-8.5585	-8.8808
-5.7691	-6.5126	-6.9191	-7.3817	-7.9091	-8.5292	-8.6769	-9.1713
-5.4249	-6.5455	-7.1363	-7.5599	-8.2472	-8.2960	-9.0822	-8.8954
-5.8265	-6.2232	-6.8861	-7.3610	-7.7662	-8.1898	-8.8209	-9.3056
-5.6287	-6.5394	-6.9361	-7.6429	-8.2203	-8.5597	-8.6036	-8.9906
-5.7130	-6.5174	-6.9837	-7.5990	-8.1910	-8.4047	-8.6207	-9.2262
-5.7142	-6.4588	-6.7311	-7.5245	-7.9652	-8.7245	-8.6757	-9.3678
-5.8631	-6.5980	-6.8885	-7.6197	-7.7443	-8.3058	-8.8539	-9.0541
-5.7533	-6.6041	-7.1009	-7.6136	-8.1752	-8.7160	-8.9076	-9.4496
-5.4371	-6.4930	-6.7945	-7.8065	-7.8102	-8.7391	-8.7709	-9.2970
-5.8485	-6.5675	-7.1547	-7.3451	-8.2875	-8.6281	-8.9943	-9.0101
