4.7230	8.8014	8.7355	8.0189	7.5502	6.8031	6.4491	5.5995
4.5130	9.0248	8.7147	8.0079	7.4488	7.2108	6.2037	5.8766
4.5350	8.6818	8.2667	7.9213	7.8029	6.8214	6.4076	5.8997
4.6864	9.1725	8.6781	7.8456	7.3439	7.1058	6.6773	5.5494
4.6497	8.7453	8.7684	7.8322	7.3671	7.0045	6.4869	6.1036
4.4581	8.7123	8.4413	8.0641	7.6539	6.7848	6.2074	5.9242
4.6509	8.9406	8.4010	7.8932	7.5575	7.1730	6.7152	5.8387
4.5081	8.8246	8.4498	7.9481	7.4672	7.3548	6.3709	5.5909
4.6754	8.9296	8.5609	8.1263	7.6527	7.2609	6.1842	5.7569
4.5826	9.1029	8.5243	8.0507	7.4720	6.9203	6.3404	5.5531
4.5411	9.0736	8.5646	8.2081	7.3671	7.0924	6.7164	5.5042
4.7315	9.1176	8.5414	8.1642	7.6283	6.9679	6.5577	5.9986
4.6864	9.0016	8.7160	7.8456	7.5282	6.7543	6.3429	5.9046
4.7047	9.1493	8.8161	8.0739	7.2963	7.2633	6.7262	5.8350
4.7279	9.0553	8.4596	8.2448	7.5465	6.8165	6.3490	5.8631
4.4874	8.7721	8.6561	8.3827	7.2926	7.0570	6.4637	5.5262
4.6558	9.0187	8.5756	8.1740	7.4842	6.9300	6.6590	6.0023
4.4666	9.0285	8.6342	7.8505	7.8004	6.8617	6.6444	5.7704
4.6827	9.1334	8.7160	8.1007	7.5257	6.7433	6.3221	5.8119
4.5997	8.9308	8.2875	7.9554	7.6979	7.2779	6.5272	5.5811
4.4935	8.8246	8.3717	7.8431	7.3353	6.9105	6.2489	5.9535
4.4996	8.9381	8.2057	8.2240	7.5282	6.9288	6.5187	5.9400
4.7279	9.0053	8.5731	8.0031	7.8236	6.7420	6.5821	5.7935
4.5252	8.6342	8.6049	8.1044	7.4672	6.7298	6.1415	5.6690
4.4630	9.1493	8.6647	8.2411	7.3280	7.2743	6.4710	5.8766
4.4715	8.6049	8.5011	8.2399	7.7003	6.9618	6.2135	5.7020
4.7059	8.5719	8.4791	7.9542	7.3780	7.1559	6.2477	5.5995
4.6522	8.7074	8.4865	8.1459	7.6014	6.7530	6.2269	5.5653
4.6741	8.8930	8.7135	8.1447	7.6820	6.9105	6.6029	5.6861
4.6973	8.9052	8.2496	8.2130	7.6893	7.1290	6.5760	5.5665
4.4959	8.7257	8.6403	8.2887	7.7333	7.1412	6.5956	5.4041
4.6595	8.7611	8.4218	8.0519	7.4061	7.1730	6.3258	5.9803
4.5423	8.9003	8.5353	8.2716	7.4195	6.8177	6.5699	5.5213
4.6595	8.7135	8.2423	8.2387	7.2999	6.9166	6.5748	5.7899
4.6094	8.5707	8.3900	7.9420	7.2474	6.9483	6.4442	5.4517
4.6217	8.7135	8.1740	8.2240	7.6893	6.9996	6.6285	5.8167
4.4483	8.7257	8.5512	8.3021	7.6869	7.1180	6.2818	5.5518
4.6937	8.5585	8.5451	7.8761	7.6381	7.0240	6.5003	5.3712
4.5777	8.7416	8.2155	7.8053	7.2389	6.8153	6.4344	5.9022
4.5386	8.5682	8.7135	8.1569	7.7296	6.8324	6.0780	5.9254
4.6754	8.8515	8.2008	7.8383	7.6124	6.7066	6.1256	5.7862
4.7205	9.0578	8.6525	8.1959	7.4440	7.1827	6.1097	5.7874
4.6607	9.0199	8.3253	7.9945	7.5001	6.9105	6.2159	5.5567
4.4886	8.6159	8.7172	7.7675	7.3280	6.8226	6.1671	5.5787
4.5887	9.0260	8.3790	7.9469	7.7516	7.0741	6.5858	5.5201
4.6705	8.9747	8.2252	7.9628	7.5758	6.7665	6.2306	5.9083
4.5301	8.5292	8.4999	8.1239	7.5465	7.0448	6.5077	5.4054
4.5557	9.0907	8.2301	8.2667	7.2010	6.7665	6.4576	5.6446
4.4654	8.9479	8.3497	7.9860	7.1754	6.9496	6.2184	5.6434
4.4849	8.8148	8.2948	7.8334	7.4110	6.5931	6.3600	5.5946
4.4666	8.7367	8.6867	7.8981	7.2096	6.6700	6.0975	5.6361
4.5362	8.9723	8.6696	7.9591	7.1852	6.7042	6.3783	5.5799
4.5887	8.8551	8.1434	8.0079	7.6771	7.1119	6.4430	5.6385
4.4141	9.0297	8.2618	7.9591	7.2462	7.1241	6.4601	5.7057
4.4581	8.6525	8.4022	7.7186	7.2401	6.6859	6.0426	5.6275
4.5350	8.9808	8.6183	8.2423	7.4379	6.9191	6.4295	5.8412
4.6558	8.9308	8.5646	8.1605	7.1669	6.7787	6.1512	5.3834
4.4166	8.8124	8.2936	7.9847	7.6967	6.6676	6.3648	5.6898
4.5069	9.0321	8.5316	8.0763	7.5074	7.0326	6.0670	5.7557
4.6644	8.5829	8.6293	8.2081	7.2316	6.7384	6.3771	5.4725
4.6680	8.7025	8.1801	8.0848	7.4708	6.6139	6.5028	5.7484
4.4617	8.4999	8.1263	7.6490	7.2938	6.7701	6.3771	5.3931
4.6192	8.7733	8.3314	7.7601	7.5990	6.6957	6.3661	5.5872
4.4508	8.9894	8.2240	7.6417	7.3585	6.9349	6.4576	5.7191
4.6412	8.8380	8.1300	8.1117	7.1400	6.9252	6.1268	5.5995
4.5277	8.9747	8.2679	7.9847	7.2926	6.8251	6.0658	5.6532
4.5130	8.5206	8.4218	8.0507	7.4232	6.7054	6.4015	5.6837
4.6241	8.9516	8.2924	7.6234	7.1327	6.7213	6.1781	5.2125
4.5960	8.7538	8.5219	8.0714	7.4379	7.0631	5.9205	5.3931
4.6009	8.6610	8.1910	7.7198	7.4623	7.0704	6.0719	5.3004
4.5179	8.8576	8.3961	7.9237	7.2047	6.5333	6.1061	5.2003
4.4288	8.9662	8.0946	8.1276	7.3829	6.7591	6.1097	5.3834
4.5643	9.0065	8.4315	7.8859	7.5514	6.6224	6.0487	5.3822
4.6790	8.9271	8.1410	8.0714	7.2926	6.7872	6.3026	5.3626
4.6680	8.5145	8.6146	7.6454	7.4891	6.4967	5.8790	5.4871
4.6143	8.8759	8.2570	8.0189	7.4586	6.7481	6.0963	5.6532
4.5887	8.8991	8.3033	8.1703	7.5843	6.6419	5.9461	5.6129
4.4691	8.6879	8.5280	7.9554	7.1937	6.6993	5.9351	5.4578
4.4105	8.5658	8.4059	7.5807	7.3378	6.5553	5.9901	5.2845
4.4434	8.4645	8.3754	8.0592	7.6283	6.6358	5.8485	5.2393
4.4202	8.8771	8.1520	7.8322	7.3573	6.6041	6.1183	5.3248
4.5863	8.5988	8.1324	7.5782	7.2914	6.5736	5.8155	5.5982
4.4007	8.8295	8.4694	7.5843	7.3341	6.9129	5.9779	5.5311
4.3861	8.6598	8.2167	7.9030	7.2779	6.6126	6.1476	5.5494
4.4178	8.7282	8.1593	7.6771	7.6149	6.8336	6.3355	5.3504
4.4544	8.6598	8.3058	7.8419	7.4318	7.0228	6.0572	5.5921
4.4031	8.4657	8.4706	7.6063	7.1791	6.8190	5.8473	5.1563
4.6204	8.5341	8.3143	7.8981	7.3133	6.5126	5.8412	5.3895
4.6509	8.7868	8.0751	7.9994	7.0143	6.7005	6.2391	5.1185
4.4092	8.8136	8.1654	7.9420	7.1791	6.5040	6.0450	5.6397
4.4935	8.9784	8.2448	7.6893	7.4903	6.9630	6.0743	5.2845
4.4361	8.9027	8.1703	7.8871	7.1571	6.4112	6.0462	5.1551
4.5985	8.7294	8.4205	7.9896	7.5355	6.4186	5.9388	5.6483
4.4935	8.9503	8.1984	7.7662	7.0192	6.7140	6.2281	5.1344
4.4532	8.8173	8.3961	7.9713	7.4086	6.4820	5.8045	5.6312
4.6326	8.7269	8.0555	7.8053	7.1547	6.6310	5.9510	5.6385
4.6497	8.7758	8.0848	7.5343	7.2767	6.4454	6.0133	5.3541
4.4605	8.9003	8.4596	7.8981	7.1522	6.5980	6.3294	5.0660
4.3763	8.7745	8.4987	8.0836	6.9899	6.5541	5.8485	5.1112
4.5167	8.7086	8.4120	7.6820	7.3671	6.5370	5.8094	5.6251
4.6009	8.4913	8.5243	7.8077	7.0533	6.8800	6.3099	5.4456
4.3726	8.4376	7.9762	7.8126	7.5001	6.5406	5.9388	5.6141
4.3653	8.3864	8.2948	7.7504	7.2084	6.8006	6.2892	5.4285
4.6070	8.8942	8.0482	7.6393	6.9740	6.9386	5.7447	5.4920
4.5606	8.5829	8.3656	7.6844	7.4012	6.8690	5.9437	5.1246
4.6021	8.4816	8.3388	7.6808	7.1022	6.5748	5.7118	5.5555
4.5301	8.9332	8.2936	7.9896	6.9606	6.4918	5.8766	5.0806
4.6461	8.5048	8.2069	7.9322	7.3780	6.4051	5.7057	5.1930
4.6314	8.6976	8.3143	7.7699	7.1229	6.3783	6.1830	5.2638
4.3958	8.6390	7.9774	7.5184	7.2633	6.3392	6.2342	5.3675
4.5179	8.5890	8.4413	7.5660	7.4903	6.4820	5.6934	5.3577
4.3799	8.8466	8.2057	7.6027	6.9483	6.9117	6.2391	5.0269
4.5484	8.6879	8.0262	7.8297	7.2279	6.4601	5.9364	5.4932
4.3897	8.6683	8.1886	7.5355	7.0399	6.6896	5.8412	5.5640
4.5191	8.5072	8.2557	7.6454	7.1522	6.6578	5.8912	5.0782
4.4984	8.3522	8.0958	7.6527	7.0069	6.4674	5.6715	5.0184
4.4544	8.6036	8.3778	7.7162	7.4208	6.3868	5.8412	5.0050
4.3507	8.3326	8.1459	7.5441	7.3463	6.3441	6.0572	5.3565
4.4886	8.8563	8.4730	7.4379	7.3170	6.4002	5.9498	5.3309
4.5472	8.7025	8.3803	7.9286	6.9642	6.3941	6.1915	5.3431
4.4593	8.5402	8.0372	7.9750	7.4147	6.5650	6.0328	5.3492
4.4312	8.6891	8.4376	7.7357	7.1498	6.7457	5.7093	5.4176
4.3897	8.8014	8.1471	7.5343	6.9593	6.5382	5.9351	5.4652
4.3787	8.5267	7.9286	7.7723	7.1498	6.4540	5.6617	5.3712
4.3812	8.5341	8.2411	7.4427	7.2425	6.4430	5.9107	5.4701
4.4862	8.3351	8.0140	7.8004	6.9410	6.5785	5.8912	5.0159
4.4959	8.6525	8.2960	7.4195	7.1730	6.3416	5.7850	5.2210
4.4569	8.7929	8.1776	7.8163	7.0106	6.6554	6.0084	5.4676
4.3482	8.5682	7.9957	7.4537	7.2572	6.3136	5.9461	5.3065
4.3873	8.8124	8.4010	7.5184	6.9252	6.5724	5.7655	5.0135
4.4886	8.6622	8.3119	7.8749	6.9703	6.5260	5.9046	5.3333
4.3543	8.6159	8.3375	7.5892	6.9129	6.6481	6.0304	5.1917
4.4971	8.5658	8.2753	7.6332	6.9313	6.7140	5.8790	5.1905
4.6082	8.6085	8.2899	7.9640	7.0289	6.4991	6.1634	5.4652
4.3629	8.4279	8.3534	7.3719	6.8800	6.2501	5.9657	5.1307
4.5533	8.8539	8.3827	7.9115	6.9410	6.3258	5.5933	5.0953
4.3763	8.3961	8.4242	7.7028	7.2523	6.6249	5.9168	5.2454
4.4385	8.5524	8.3400	7.9054	6.8971	6.3771	5.9864	5.0184
4.4166	8.6903	8.1495	7.4781	7.1522	6.7164	6.1134	4.9366
4.3445	8.5097	7.8578	7.9005	6.9007	6.4295	5.6312	4.9232
4.4410	8.4730	7.9530	7.4745	7.1290	6.4710	5.5384	5.3931
4.3726	8.8173	8.1813	7.4061	7.0912	6.4637	5.8033	5.1173
4.3641	8.3339	8.1947	7.4549	7.1547	6.3709	5.7557	4.8658
4.5301	8.3265	8.2777	7.3634	6.9142	6.7396	5.7484	5.4151
4.5570	8.5524	8.3436	7.4562	6.9911	6.3197	5.8863	5.3443
4.3177	8.3217	8.2130	7.8199	7.2963	6.6651	6.0511	5.1991
4.5240	8.5853	7.9554	7.8553	7.1742	6.3050	5.9767	4.8292
4.4190	8.3949	8.3241	7.4037	6.8214	6.6822	6.0157	5.3053
4.5997	8.3339	8.2460	7.6503	6.9825	6.4833	5.5775	5.2076
4.4862	8.3253	7.7992	7.5990	6.9093	6.5296	5.8363	5.0929
4.3262	8.8185	8.2655	7.5282	7.2157	6.6505	5.9217	5.1307
4.5301	8.7477	8.0482	7.4183	6.7848	6.5272	5.7752	4.9207
4.4520	8.6610	8.2765	7.5502	6.9679	6.3172	5.4945	4.8841
4.5045	8.2338	8.2789	7.6844	6.8531	6.4466	5.9351	5.0220
4.4105	8.3497	8.3278	7.8163	7.0033	6.5858	5.8094	5.2662
4.4947	8.7611	8.2704	7.4989	7.2804	6.1878	6.0365	4.9818
4.3104	8.5219	8.0250	7.3463	7.1315	6.6212	5.7874	5.2650
4.3043	8.5951	8.1532	7.3170	7.1632	6.4540	5.7923	5.0062
4.5240	8.2374	8.1117	7.7540	7.1815	6.1317	5.7264	5.1283
4.5484	8.3571	8.1776	7.8273	7.3072	6.4222	5.8790	4.8035
4.3751	8.6488	7.8444	7.3219	6.7750	6.6383	5.8790	5.2418
4.4300	8.7025	7.8956	7.6234	6.9984	6.2281	5.9181	4.8560
4.4251	8.2838	7.7601	7.6722	6.9093	6.1537	5.6275	5.0025
4.3397	8.5975	8.3290	7.4818	6.7811	6.4308	5.4481	5.2943
4.5594	8.5158	8.2606	7.2511	6.7213	6.4552	5.6593	5.2943
4.5338	8.3912	8.1495	7.4318	7.0338	6.2940	5.4969	4.7755
4.4800	8.2387	8.1801	7.3927	6.8690	6.5602	5.9376	4.9647
4.4263	8.6928	8.2496	7.4354	7.1388	6.2586	5.9596	4.7559
4.4862	8.7428	8.1666	7.6039	6.9081	6.4027	5.4835	5.0977
4.2762	8.6427	7.9237	7.4598	7.0631	6.2171	5.9767	4.7657
4.4678	8.3912	8.0507	7.4330	6.8592	6.3050	5.7472	4.8902
4.4739	8.3925	8.2350	7.5526	7.1327	6.1927	5.5006	4.8841
4.3861	8.6915	7.8248	7.7467	6.9935	6.4552	5.5811	4.7230
4.5301	8.5780	8.1984	7.3194	7.2010	6.4088	5.6788	5.2161
4.4715	8.3754	8.0165	7.8041	6.9984	6.3819	5.8180	5.0428
4.4593	8.5939	8.1483	7.7931	7.0350	6.1659	5.6226	4.7681
4.4996	8.2692	8.2655	7.7345	6.9581	6.2306	5.4469	5.2320
4.3738	8.4669	7.7211	7.3158	6.6798	6.3209	5.7887	5.1173
4.2884	8.3705	8.2948	7.4098	7.1229	6.2330	5.5824	4.8841
4.3665	8.3351	8.0226	7.6088	6.8385	6.3551	5.3492	5.0916
4.4764	8.5243	8.2887	7.7198	7.0936	6.1903	5.6446	5.0819
4.3983	8.5194	7.8090	7.2499	6.8482	6.2525	5.5653	5.0465
4.3214	8.4974	8.0690	7.6490	6.7884	6.1402	5.5360	4.8682
4.4898	8.3998	8.0580	7.7467	6.8519	6.5785	5.3700	5.1331
4.2774	8.6525	8.0641	7.3487	6.8190	6.4405	5.4090	4.9232
4.3030	8.2899	8.1471	7.6136	6.9764	6.1463	5.3333	4.7791
4.3861	8.2240	7.8907	7.6124	7.0680	6.0328	5.4481	4.6400
4.5338	8.3131	8.0250	7.2474	7.1058	6.3001	5.6446	5.1612
4.4691	8.3912	7.9261	7.5575	7.0655	6.1305	5.6410	4.5997
4.3958	8.4767	7.9896	7.1974	6.6542	6.1854	5.8863	5.0819
4.3055	8.1569	7.8822	7.6881	6.9569	6.0816	5.5543	4.8438
4.5118	8.1471	7.8627	7.6442	6.7457	6.4271	5.4029	4.6424
4.4300	8.6207	7.7821	7.5795	6.6847	6.4527	5.3101	4.9500
4.3958	8.5231	7.9615	7.2792	6.9874	6.2013	5.4859	4.7181
4.5130	8.2509	7.7345	7.1522	6.9630	6.1012	5.3602	4.7120
4.4459	8.5145	7.6771	7.5673	7.0399	6.3111	5.5409	4.6339
4.4495	8.3668	7.7064	7.3426	6.6493	6.4454	5.6580	4.8060
4.3299	8.4144	7.6515	7.4342	7.0008	6.2647	5.2662	4.6412
4.2493	8.4047	7.9042	7.1815	6.7201	6.1500	5.4383	5.0745
4.3690	8.1752	7.7455	7.5355	6.5724	6.1463	5.6251	4.7877
4.5228	8.3986	7.9420	7.4659	7.0484	5.9889	5.3907	4.5936
4.5338	8.0824	8.0214	7.3317	6.6395	6.0938	5.6263	5.0001
4.2664	8.4559	7.8212	7.2401	6.7762	5.9303	5.6336	4.7535
4.3214	8.2301	7.9127	7.5660	6.6468	6.3709	5.6910	4.5509
4.3555	8.2289	7.7015	7.4635	7.0912	6.4063	5.4871	4.5313
4.4532	8.5975	7.8004	7.3353	6.7677	6.2464	5.6349	4.5386
4.4263	8.1910	7.6808	7.4891	6.7994	5.9901	5.6544	4.7645
4.3543	8.5243	8.1910	7.1669	7.0863	6.4674	5.6397	4.9610
4.2652	8.5133	8.1654	7.5416	6.9032	6.2672	5.5921	4.6314
4.4459	8.5805	7.6881	7.2975	6.7665	6.3294	5.4310	4.7926
4.2982	8.5377	7.8480	7.5843	6.7750	5.9168	5.6837	4.7181
4.2286	8.2472	8.1654	7.1424	6.8324	6.1610	5.2467	5.0538
4.2750	8.0531	7.6832	7.4037	6.9325	6.1830	5.2198	4.7022
4.2750	8.3900	7.9481	7.1717	6.9374	6.1903	5.6190	4.6925
4.3616	8.5682	7.6576	7.2743	7.0106	6.1476	5.1685	4.6192
4.3128	8.3314	7.5843	7.1876	6.9447	6.0218	5.3492	4.8548
4.4202	8.5914	7.7723	7.4427	6.7433	6.4088	5.5531	4.9427
4.3140	8.3314	7.8175	7.5990	6.6981	5.9181	5.4774	4.7620
4.5057	8.4987	7.8126	7.5990	6.9300	6.1561	5.2259	4.8621
4.3848	8.4547	7.5685	7.0936	7.0021	6.2647	5.4603	4.7852
4.4459	8.2155	7.7223	7.5489	6.8177	6.2440	5.2442	4.7498
4.3482	8.0543	7.9017	7.5172	6.9886	5.8509	5.3480	4.7193
4.3299	8.4877	7.9823	7.2938	6.8751	6.2660	5.6434	4.4398
4.2359	8.2374	7.6075	7.3451	6.9020	6.1439	5.5567	4.4593
4.4019	8.5573	7.5868	7.1046	6.7604	5.8314	5.2137	4.5081
4.4703	8.3485	7.7723	7.1571	6.6664	5.9657	5.4444	4.6754
4.3409	8.0385	8.0092	7.5904	6.9081	5.8412	5.4749	4.5386
4.2615	8.4413	7.9579	7.3182	6.8629	6.3624	5.4859	4.4862
4.3531	8.1923	7.5904	7.3854	6.4918	6.1598	5.6519	4.4019
4.4825	8.1532	7.7711	7.4452	6.7054	5.8863	5.2479	4.5350
4.4569	8.3986	7.9017	7.4110	6.8080	6.2916	5.4456	4.9342
4.2689	8.5768	7.8456	7.0863	6.8165	6.0645	5.5640	4.6668
4.3714	8.0385	7.5282	7.3622	6.8495	6.0572	5.4151	4.4068
4.1956	8.1459	7.8090	6.9972	6.6004	6.0792	5.3101	4.5985
4.3030	8.3595	7.8370	6.9728	6.6773	6.2684	5.5470	4.6021
4.3738	8.0958	7.8663	7.4134	6.4186	5.8387	5.3761	4.5985
4.2359	8.3595	7.9603	7.2975	6.5943	5.8009	5.6312	4.8902
4.3311	8.3510	7.9664	7.5282	6.7652	6.0560	5.4469	4.3580
4.4166	8.4547	7.5624	7.1852	6.9300	5.8692	5.6397	4.7059
4.4044	8.1923	7.5831	7.3610	6.8421	5.9181	5.5750	4.8707
4.3397	8.1605	7.8187	6.9520	6.6029	5.9059	5.4969	4.8170
4.4202	8.1361	7.8883	7.2413	6.7323	6.1683	5.3492	4.9000
4.4422	7.9628	7.5904	7.2547	6.5052	6.0328	5.4566	4.4068
4.1932	8.2069	7.9274	7.2792	6.5772	6.1756	5.4823	4.6656
4.1822	8.1935	8.0018	7.3732	6.8714	5.9364	5.2760	4.7425
4.3018	8.0128	7.9933	7.4391	6.3514	5.8155	5.1734	4.7047
4.3336	8.5060	8.0079	7.0777	6.4588	6.1439	5.1930	4.4569
4.1859	8.0214	7.6014	7.0167	6.8348	6.1341	5.4908	4.7608
4.4715	7.9506	7.7784	7.3085	6.5150	5.6971	5.1002	4.4190
4.4251	8.4352	7.6661	7.1131	6.3917	5.8375	5.5433	4.4459
4.3568	8.0494	7.8663	7.2474	6.3624	5.8289	5.5177	4.8060
4.2359	8.0629	7.8749	7.1119	6.7433	6.1561	5.2589	4.5264
4.4276	8.0702	7.7870	7.3964	6.7665	5.8375	4.9732	4.5887
4.3494	8.0018	7.6625	7.1522	6.7433	6.1219	5.1539	4.5911
4.1834	8.1032	7.5880	7.2486	6.7115	6.1598	5.1685	4.5936
4.2066	8.1019	7.7870	7.0021	6.3514	5.6483	5.5152	4.3287
4.1773	7.9347	7.6307	7.1693	6.7787	6.0499	5.3639	4.5899
4.2420	8.2545	7.7052	7.3353	6.4112	6.1964	4.9683	4.8023
4.3970	8.3204	7.7626	7.2621	6.5162	6.0511	5.1490	4.5557
4.2713	8.4535	7.7455	7.4110	6.6236	6.0609	5.0575	4.3250
4.1590	8.0665	7.6869	7.4525	6.6212	5.6727	5.4139	4.7572
4.2811	8.2802	7.6844	6.9386	6.5223	5.8338	5.2174	4.5350
4.3909	8.2985	7.9481	6.9581	6.3087	5.8619	5.1319	4.6204
4.3116	8.1740	7.7247	7.3622	6.4466	6.0890	4.9512	4.4678
4.2200	8.3375	7.8968	7.3671	6.6859	6.0853	5.3297	4.6119
4.3519	8.3082	7.6625	7.1302	6.7213	5.6519	5.4017	4.2371
4.2213	8.0690	7.8737	7.1766	6.8287	5.8778	4.9366	4.5081
4.2176	7.9615	7.7784	7.3304	6.4857	5.9168	5.1942	4.6827
4.3531	7.9164	7.8700	7.3768	6.3746	5.9132	4.8963	4.1566
4.3311	8.0458	7.4379	6.9715	6.5711	6.1012	4.9549	4.3458
4.1956	8.2777	7.8993	7.2535	6.6822	5.7972	5.2064	4.5753
4.3140	7.8895	7.6027	7.2438	6.4369	5.8265	4.9427	4.6693
4.1871	8.4132	7.5001	7.2267	6.3563	5.9156	5.3272	4.3214
4.3079	7.9237	7.9005	7.0997	6.6932	6.0609	5.2796	4.6278
4.1480	8.2924	7.6881	6.8995	6.4540	5.8802	5.2381	4.6070
4.3848	8.4242	7.8236	7.1095	6.6920	6.1317	4.9940	4.6851
4.3702	8.0665	7.7223	6.9325	6.6700	5.8082	5.2076	4.5643
4.4276	8.3888	7.6979	7.1412	6.7103	5.6117	5.3907	4.4642
4.2982	8.1459	7.8895	7.3133	6.3038	5.7948	4.9720	4.3299
4.3177	8.0104	7.8602	7.0253	6.5150	5.5860	5.0318	4.6290
4.2261	8.0775	7.4720	6.8373	6.4381	5.9852	5.3114	4.5118
4.1273	8.1556	7.8334	7.2401	6.3465	5.7325	4.9061	4.5533
4.2750	8.4157	7.5245	6.7823	6.7115	6.0548	4.8194	4.4678
4.3030	8.0348	7.8993	7.1791	6.6896	5.5909	5.2076	4.1981
4.2884	8.3973	7.6527	6.7811	6.2965	5.8814	5.0843	4.1798
4.3555	8.2838	7.6771	7.0314	6.2464	5.8436	5.1112	4.1859
4.3153	7.8212	7.5819	7.2938	6.6725	5.6178	5.0587	4.3323
4.2444	8.0299	7.6954	7.2535	6.5174	5.9876	4.9427	4.0772
4.2005	8.3180	7.5380	7.2914	6.6017	5.7740	5.0379	4.5801
4.2701	7.9762	7.3695	6.8446	6.1707	5.6104	5.3614	4.2457
4.3677	8.0275	7.4183	7.3243	6.7054	5.4847	5.2357	4.2322
4.3555	8.0702	7.7748	7.0240	6.2208	5.6641	5.3260	4.1505
4.2139	8.2753	7.7699	7.1962	6.2318	5.5885	4.9549	4.1187
4.2396	8.1801	7.8212	7.1022	6.2000	5.5421	4.8804	4.2127
4.3897	8.2423	7.7613	7.2438	6.4430	5.6995	4.7669	4.2713
4.2579	8.1740	7.6307	6.9618	6.3380	5.5506	4.9171	4.0919
4.2908	8.0482	7.3585	7.2108	6.1805	5.4884	5.0843	4.5936
4.3384	7.9872	7.7089	7.1229	6.1329	5.7899	5.1600	4.5594
4.3470	8.2179	7.7040	6.9203	6.4417	5.9510	4.7364	4.3433
4.1834	8.3046	7.5245	7.0289	6.5296	5.6214	5.1405	4.5716
4.1028	7.9615	7.2840	6.9508	6.5602	5.8875	4.9464	3.9991
4.3543	8.2313	7.6783	6.9154	6.0890	5.5506	5.1637	4.3507
4.2152	8.2472	7.7101	6.9117	6.3734	5.5726	4.9000	4.1395
4.3702	7.7687	7.2865	7.2853	6.1707	5.4945	4.8927	4.2530
4.2310	8.2802	7.4928	6.7189	6.6029	5.6373	5.1283	4.3201
4.3824	7.8895	7.3463	7.1852	6.5028	5.4640	4.9195	4.2481
4.2799	7.9725	7.8138	7.2706	6.2281	5.9376	4.8768	4.3421
4.1712	8.2142	7.5172	6.6810	6.1585	5.6336	4.7388	3.9918
4.3629	8.0189	7.5038	6.9178	6.4601	5.6361	4.8865	4.3360
4.2261	8.2850	7.6954	6.9300	6.3307	5.8155	4.9268	4.1041
4.2359	8.1752	7.6149	6.9435	6.3172	5.6690	4.7608	4.2298
4.1431	8.2387	7.7845	6.6603	6.5077	5.5409	5.1124	4.4398
4.1993	7.9298	7.6002	6.8385	6.6017	5.8265	5.1466	4.4239
4.3006	8.2838	7.4781	7.0423	6.0475	5.9303	4.9537	4.1675
4.0858	7.7821	7.4830	6.7726	6.0694	5.4273	5.1087	4.0711
4.2567	8.1776	7.2267	6.9642	6.3526	5.5689	5.1136	4.2408
4.3482	8.1129	7.6381	7.0704	6.6139	5.7923	4.9024	4.1492
4.1297	7.8956	7.4171	6.7079	6.4454	5.3822	5.2345	4.4776
4.1444	8.0641	7.3573	7.0900	6.4320	5.5201	5.1514	3.9332
4.1895	7.7125	7.5477	6.8238	6.3441	5.7093	4.9134	4.2322
4.2286	8.0092	7.6381	7.0936	6.4051	5.3639	4.8182	4.0735
4.1444	8.2728	7.2010	7.0057	6.2354	5.7838	4.6766	4.2713
4.1334	7.8346	7.3451	7.1241	6.2708	5.9010	5.1844	4.2713
4.2286	8.2692	7.6222	6.7652	6.2538	5.5995	5.1527	4.4471
4.1651	8.2069	7.1949	7.0814	6.2000	5.8131	4.8231	3.9527
4.1883	8.1129	7.2902	6.7091	6.2489	5.3944	5.0526	4.3751
4.0845	8.2521	7.7223	6.7970	5.9718	5.5616	4.7755	4.1407
4.0711	8.2155	7.6942	6.8104	6.1707	5.7191	5.1392	4.1089
4.1981	8.0336	7.2670	6.7054	6.5455	5.6568	4.7205	3.9356
4.1114	7.8578	7.7113	7.0851	6.4356	5.7166	5.0062	4.2127
4.3409	8.0189	7.7345	6.7237	6.2391	5.5409	5.1575	4.1859
4.3226	7.6649	7.5758	7.0704	6.5052	5.5933	4.6485	4.0381
4.0711	7.9640	7.1839	6.9252	6.5028	5.4554	4.7767	3.9637
4.0772	7.8895	7.4611	7.0948	6.4625	5.4969	4.8463	4.2005
4.0516	8.1801	7.3939	7.0143	6.2940	5.3223	5.0355	4.2457
4.0992	7.8749	7.2486	6.5553	6.1830	5.5897	5.1283	4.2481
4.1395	7.8151	7.6442	6.9984	6.0536	5.4127	5.1307	4.3763
4.2530	7.9384	7.5062	6.9911	6.3160	5.5250	4.7547	3.9478
4.1761	7.9249	7.4842	6.6700	6.2794	5.8302	4.7803	3.9539
4.3262	7.6429	7.4611	6.7640	6.2513	5.7215	4.8914	3.9466
4.1700	7.9481	7.1144	6.8739	6.1012	5.3773	4.5899	4.1004
4.2213	7.6747	7.1778	7.1241	6.3026	5.6361	4.7803	4.0577
4.1859	8.1849	7.1571	6.5882	6.0548	5.2357	4.6339	3.9380
4.1382	8.1141	7.3317	6.8922	6.2745	5.6422	4.5216	3.9319
4.2347	8.0678	7.2303	6.5956	6.0621	5.4395	4.8280	4.2628
4.1688	7.9152	7.1815	6.7347	6.4454	5.3053	4.8402	4.3287
4.1590	8.0385	7.5306	6.5589	6.3990	5.5518	4.7059	4.0198
4.1785	7.9762	7.3475	6.8312	6.1353	5.2528	5.0697	4.1993
4.1187	7.8236	7.3964	6.8995	6.2757	5.3358	4.9903	3.9783
4.2957	7.6197	7.1864	6.9581	5.8875	5.4554	4.7205	3.7525
4.1834	7.7064	7.4940	7.0680	6.0084	5.4359	4.9732	3.8111
4.1993	7.6612	7.5648	6.5602	6.0377	5.2955	4.4581	3.9368
4.2152	8.0067	7.1852	6.8190	6.1988	5.6446	4.6888	3.9612
4.2090	8.0909	7.6332	6.6249	5.8912	5.4505	4.6766	4.1126
4.0577	7.9506	7.3048	6.8910	6.3014	5.5872	4.6851	3.9234
4.2652	8.1434	7.6063	6.7579	5.8997	5.5579	4.6741	3.9271
4.0247	8.1532	7.5380	6.6773	6.2074	5.3895	4.6058	4.1163
4.1248	7.5758	7.3317	6.4588	6.2354	5.5006	4.8316	3.9881
4.1871	7.6820	7.3890	6.7005	6.0121	5.1527	4.7572	4.1566
4.1456	7.9420	7.2682	6.9935	5.9644	5.4713	4.5789	4.1431
4.2603	7.7430	7.1644	6.8922	6.3954	5.6349	4.6912	4.1407
4.2713	7.8663	7.0594	6.6749	5.8216	5.4566	4.5777	4.1517
4.0906	7.5502	7.1412	6.6627	5.9937	5.3199	4.7730	4.1077
4.2237	7.9200	7.1107	6.9313	6.1891	5.3077	4.6961	3.7574
4.1431	8.0006	7.3463	6.7787	5.9767	5.2943	4.7645	4.1285
4.2847	7.6967	7.1620	6.9850	6.2660	5.4163	4.9781	3.9698
4.1907	7.5514	7.3268	6.4356	6.2208	5.1209	4.7877	3.7659
4.2884	7.6832	7.2645	6.9276	6.2501	5.5872	4.8243	4.1309
4.1016	7.6930	7.1302	6.9398	6.2843	5.3187	4.5130	3.9649
4.1077	7.5428	7.5550	6.5931	5.9071	5.1185	4.5618	3.8001
4.0247	7.6246	7.0753	6.9728	5.7826	5.6312	4.7230	4.1151
4.1407	7.9823	7.4305	6.8348	6.1451	5.2711	4.6253	4.0211
4.2786	7.9298	7.5319	6.8763	5.9669	5.1075	4.6937	3.9319
3.9979	7.8297	7.1229	6.5980	5.7972	5.1466	4.7279	3.8001
4.0369	7.6527	7.4903	6.9203	5.8912	5.1722	4.3677	4.1309
4.1907	7.7113	7.4757	6.5968	6.1891	5.3639	4.8341	3.7781
4.2213	7.9689	7.3390	6.7823	5.7948	5.5018	4.7315	4.1028
4.2176	7.7223	7.3170	6.3905	6.1134	5.1295	4.3421	3.9136
4.0809	8.0629	7.4403	6.8190	6.2733	5.3040	4.5850	3.7855
4.2554	7.5062	7.4379	6.8544	5.8131	5.3162	4.8524	3.5474
4.0882	7.6051	7.3048	6.9447	6.2562	5.1881	4.5216	3.7452
4.1407	7.5294	7.3610	6.6578	6.1476	5.5384	4.5435	3.8843
4.0211	8.0250	7.1656	6.7030	5.7777	5.4371	4.3006	4.0443
4.1639	7.9506	7.5221	6.5382	5.9718	5.4224	4.5496	3.8660
4.0491	7.7833	7.1522	6.5443	5.7581	5.4932	4.4251	3.7208
4.0504	7.5038	7.2425	6.3783	6.1109	5.2869	4.5350	3.8453
4.0272	7.8529	7.0704	6.6993	5.9718	5.2210	4.7132	3.8624
4.0540	7.7675	7.5038	6.4759	6.1353	5.0172	4.2664	3.8648
3.9796	7.5892	7.3732	6.6554	6.0267	4.9915	4.6754	4.0833
4.2383	7.8444	7.1229	6.4247	5.9351	5.3346	4.5899	3.7269
3.9844	7.8053	7.1339	6.4308	5.7386	5.1514	4.4886	3.7952
4.0711	8.0287	7.3268	6.3868	6.0938	5.4810	4.8096	3.6719
4.0662	7.8517	7.4281	6.6481	6.1061	5.4994	4.7718	3.4852
4.1065	7.4903	7.3280	6.5650	5.8680	5.0843	4.2530	3.8502
4.0821	7.4842	6.8995	6.8116	6.0829	5.3651	4.5606	3.5877
4.0735	7.9432	7.1009	6.6847	5.9559	5.4395	4.4569	3.8038
4.2066	7.5453	6.9459	6.5834	5.9583	5.4774	4.6827	3.9649
3.9649	7.7259	7.1547	6.6603	5.8766	5.3822	4.7352	3.7330
4.2225	7.6356	7.2816	6.4527	5.9278	5.0452	4.5338	3.9783
4.2249	7.8712	7.1083	6.6786	6.1476	4.9610	4.3555	3.9759
4.0052	7.9884	6.9239	6.6175	5.8668	5.4285	4.2481	3.7623
4.1346	7.9811	7.2682	6.6651	5.6507	5.5177	4.7144	3.8831
4.0137	7.7467	6.9618	6.4552	5.7130	5.4163	4.4788	3.7012
4.1016	7.5099	7.1998	6.3673	5.6165	4.9561	4.3165	3.6927
3.9759	7.4391	7.3304	6.4002	5.8326	5.5018	4.3726	3.9063
4.0443	7.6283	7.3036	6.6261	5.7935	5.0245	4.5423	3.4046
3.9771	7.8517	7.1913	6.8165	5.6007	4.9512	4.3384	3.6841
4.1871	7.7040	7.3915	6.4479	6.0267	5.3822	4.6265	3.4571
4.0455	7.7052	7.1009	6.2757	6.1744	4.8878	4.6326	3.4205
4.0345	7.7809	7.0619	6.6859	6.0291	4.8804	4.4337	3.5962
4.0406	7.9274	6.9899	6.4271	6.0694	5.3602	4.5228	3.4473
4.0748	7.4427	7.2718	6.5089	5.7618	5.2357	4.2347	3.5608
4.1444	7.5331	7.1376	6.6798	5.7313	5.4212	4.4715	3.5230
4.1529	7.6991	7.1156	6.4796	5.8021	5.1063	4.4776	3.7488
4.1431	7.8932	7.3463	6.6700	6.1146	5.0013	4.7071	3.5047
3.9686	7.4549	7.1962	6.2318	5.9242	4.9635	4.3641	3.4937
3.9173	7.4159	7.3158	6.3441	6.0584	4.9830	4.4019	3.4241
4.1578	7.7870	7.0033	6.3380	6.0719	5.3675	4.6265	3.5462
3.9319	7.6149	7.0192	6.6249	5.6556	4.8768	4.4422	3.5645
4.0821	7.8175	7.0887	6.5931	5.5348	5.2491	4.3018	3.7379
3.9173	7.7906	7.0765	6.4930	6.0340	5.2955	4.2078	3.3313
4.1151	7.7906	7.0362	6.6835	5.7203	4.9732	4.1053	3.6670
3.9637	7.4989	7.3329	6.6615	5.5262	5.0306	4.3421	3.7305
4.0345	7.3487	7.0436	6.2647	5.7337	5.2247	4.4068	3.3680
4.1041	7.8346	7.2303	6.6468	6.0499	5.3248	4.1358	3.8428
4.1028	7.4025	7.0912	6.2342	5.7472	5.2760	4.4068	3.3851
3.9051	7.8981	6.7836	6.6468	5.6800	5.1502	4.2921	3.2984
4.0589	7.8114	7.3231	6.4088	5.5799	4.8646	4.3067	3.6524
4.1505	7.8749	6.9569	6.4161	5.6214	4.8804	4.3079	3.5511
3.9063	7.4549	7.2145	6.1988	5.6690	4.8707	4.4910	3.5657
4.0320	7.3085	7.0338	6.5394	5.7899	5.1685	4.0455	3.7562
4.0955	7.3109	7.1559	6.4820	5.6483	4.9866	4.0967	3.2569
4.0357	7.5758	6.8019	6.7079	5.7801	5.2174	4.1114	3.8428
3.9197	7.5282	7.0216	6.6822	5.9229	4.9989	4.3897	3.6695
4.0296	7.7662	6.9166	6.3917	5.8460	5.2613	4.4251	3.3887
4.0943	7.5001	7.1449	6.6383	5.6385	4.8536	4.3409	3.6353
4.0504	7.7504	6.8849	6.1207	5.4749	4.8341	4.0015	3.4974
3.9490	7.7430	6.8959	6.6835	5.4640	4.7425	4.0003	3.5486
3.8929	7.6576	7.2328	6.3514	5.5604	5.2491	4.3201	3.2715
4.0150	7.5697	6.8544	6.5211	5.5628	5.1698	4.2725	3.6402
3.8941	7.3524	6.8898	6.3490	5.7777	4.8707	4.3043	3.4888
4.1077	7.5648	6.7897	6.4955	5.9669	5.2308	4.2908	3.4522
3.9246	7.7089	7.1522	6.6578	5.5604	5.1942	4.2933	3.6768
4.1248	7.2596	7.2255	6.4698	5.7545	5.0855	4.1944	3.7147
3.8734	7.6820	7.2706	6.1793	5.6751	4.9134	4.0150	3.3863
3.9197	7.6051	6.8251	6.5016	5.8241	4.8341	4.2982	3.4192
4.1382	7.3878	7.2145	6.4454	5.5958	4.8035	4.1700	3.4681
4.1028	7.4501	6.9606	6.3160	5.6678	5.1930	4.2762	3.4974
4.0076	7.5782	6.8519	6.2928	5.6751	4.7913	4.3958	3.7501
4.1175	7.8151	6.6920	6.5821	5.5482	5.1685	4.1273	3.2874
3.9564	7.3121	6.9252	6.1415	5.7301	5.2296	4.2481	3.7049
3.9368	7.7675	6.7372	6.5870	5.6727	5.1307	3.9564	3.6194
4.0247	7.6307	7.0240	6.2647	5.4041	5.1759	4.1773	3.1348
3.9442	7.4928	6.8495	6.1109	5.3687	5.0904	4.3507	3.2837
4.0125	7.4379	7.1620	6.2696	5.7508	4.8658	4.0955	3.4388
3.9234	7.7784	6.7958	6.1024	5.8595	4.7767	4.3458	3.3069
3.9612	7.7675	6.9483	6.3636	5.4041	5.1856	4.3604	3.4913
3.8489	7.6796	6.7262	6.3539	5.8363	4.9049	4.2115	3.4302
4.0455	7.6661	7.1693	6.2428	5.7594	4.7510	4.3458	3.3155
4.0687	7.5978	6.9508	6.1756	5.4359	4.8573	4.0198	3.3790
3.8611	7.2621	7.1547	6.3514	5.3407	4.7791	4.0150	3.5608
3.9954	7.5575	7.1168	6.2721	5.4163	5.1563	4.0211	3.5438
4.1089	7.2438	6.9593	6.1707	5.5811	4.9671	4.3006	3.1751
4.0894	7.2804	7.1815	6.4149	5.7301	5.1405	4.4239	3.2496
4.0821	7.7321	7.1388	6.0841	5.7948	4.7620	3.8782	3.0811
3.9515	7.4574	7.1888	6.1207	5.8973	4.8365	3.9600	3.2349
3.9612	7.1595	6.7176	6.2574	5.3565	4.6400	4.3348	3.2496
4.0076	7.4269	7.0387	6.5223	5.3870	5.0379	3.8721	3.3240
4.0894	7.7394	7.1693	6.1122	5.8680	4.9805	3.9564	3.3802
3.8978	7.6503	6.8739	6.2477	5.7838	4.9769	4.0772	3.1055
3.9710	7.1461	6.7921	6.1988	5.5433	4.9403	4.0894	3.5682
3.8611	7.3829	6.8409	6.2916	5.7716	4.8048	4.1480	3.2044
3.9551	7.5880	7.0814	6.4771	5.5787	4.9268	4.1248	3.1849
4.0247	7.1522	6.8751	6.4942	5.7008	5.0575	4.2884	3.5547
3.9197	7.4806	7.1046	6.3856	5.7240	4.8804	4.2713	3.3497
3.9918	7.6332	7.0729	6.2123	5.5689	4.9403	3.9039	3.4827
4.0638	7.5257	6.8788	6.1183	5.2650	4.9378	4.1285	3.4107
3.9283	7.3219	6.8641	6.1964	5.3907	4.7974	3.7818	3.5731
3.8929	7.1839	6.5431	6.1024	5.7935	4.9171	4.2615	3.4107
3.8526	7.4110	6.5919	6.2660	5.5787	4.9879	4.0613	3.3497
3.9088	7.1473	6.7347	6.4662	5.5848	4.9903	4.1798	3.5706
3.8184	7.6637	6.6822	5.9840	5.5152	4.7633	4.0113	3.1458
3.9905	7.6185	6.5638	5.9254	5.3687	4.5533	3.9063	3.1580
3.8062	7.0912	6.8226	5.9303	5.7252	4.7352	4.2066	2.9847
3.8904	7.1864	6.9899	6.0462	5.7130	4.7083	3.7598	2.9676
3.9112	7.6246	6.9374	5.9791	5.2552	4.5618	3.9014	3.2508
4.0174	7.0948	6.9947	5.9266	5.5860	4.7315	4.1224	2.9944
3.9258	7.5917	6.9581	5.9742	5.6458	4.8121	3.8013	2.9651
3.8233	7.1241	6.9569	5.8741	5.7447	4.5570	4.0198	3.1031
3.8331	7.1949	6.6065	6.4002	5.3089	4.6473	4.0443	3.4607
3.7928	7.4623	6.6297	6.2733	5.4981	4.8414	3.8941	3.1141
3.9905	7.3768	6.9606	6.0621	5.3004	4.8939	3.9710	3.0591
3.8270	7.5831	6.7140	5.8656	5.4932	4.6485	4.1785	3.4693
3.8196	7.5087	6.6371	6.3575	5.4945	4.5154	3.7012	3.1421
4.0394	7.5184	6.8336	6.0230	5.6788	4.5154	3.8734	2.9102
3.7916	7.2523	6.9618	5.9522	5.5653	4.8963	3.9112	3.4302
4.0320	7.3329	6.5101	6.0243	5.6898	4.7352	3.9234	3.3521
3.8172	7.2450	6.9447	6.2550	5.3504	4.5069	3.8025	3.2544
3.9942	7.1998	6.7372	6.1280	5.2174	4.8280	3.9844	3.3619
4.0308	7.3671	6.6590	6.0938	5.2369	4.9830	3.8856	3.4351
3.9796	7.4806	6.7591	5.8497	5.5860	4.8157	4.0113	3.0311
3.7806	7.4244	7.0130	5.9913	5.3297	4.6033	3.9466	3.3521
3.8013	7.5917	6.8421	5.8363	5.3260	4.6998	4.0186	2.8504
3.9149	7.2169	6.5235	5.8338	5.2296	4.9598	4.0284	3.4241
3.8160	7.2853	6.8507	6.1378	5.3516	4.5325	3.8672	3.1824
3.9722	7.2157	6.4942	6.1573	5.6068	4.4349	4.2005	3.3814
3.9136	7.3207	6.6200	6.2879	5.1331	4.4947	3.6329	3.1434
3.8636	7.4379	6.5895	5.8106	5.5775	4.8756	3.7403	2.9419
4.0015	7.1424	6.9349	5.9742	5.4737	4.3702	3.9857	3.0713
3.7671	7.5245	6.4088	6.2403	5.4762	4.4703	3.9026	3.0848
3.8965	7.3548	6.9056	6.3160	5.2845	4.8194	4.1590	2.8064
4.0064	7.4122	6.4637	6.1573	5.4334	4.4239	4.0943	3.1263
3.8050	7.3964	6.7384	6.3392	5.5592	4.4569	4.1297	2.9615
4.0467	7.4086	6.7494	5.8180	5.1478	4.8267	4.0552	3.1958
3.9197	7.4110	6.9105	6.0499	5.5482	4.7242	3.7916	3.1983
3.8782	7.0655	6.5211	5.8985	5.4664	4.7401	3.6280	3.1092
4.0027	7.1315	6.7494	5.9095	5.5348	4.5655	3.9307	2.9065
3.9039	7.0607	6.4723	5.7655	5.1539	4.6619	3.7330	3.0445
3.8685	7.1473	6.6078	6.3111	5.4090	4.7047	3.5975	3.0713
3.9283	7.4659	6.7054	5.9559	5.4688	4.8072	3.7488	3.0164
3.8807	7.1803	6.4308	5.8534	5.0440	4.7144	4.0882	2.7552
3.9405	7.2242	6.5077	5.8497	5.1417	4.5789	3.6805	2.9517
3.9319	7.3634	6.7433	6.2147	5.2711	4.2982	3.9124	2.7698
4.0113	7.2255	6.5284	6.1427	5.5470	4.4471	3.9356	2.7662
3.9356	7.1131	6.6114	6.2306	5.2515	4.5631	3.9734	2.7515
3.8672	7.3829	6.7506	5.9290	5.0806	4.8219	3.9063	3.0347
4.0113	7.0057	6.4308	6.1683	5.2564	4.4886	3.7391	3.0359
3.9930	7.3024	6.8702	5.7667	5.5299	4.3299	3.5340	3.2728
3.7733	7.0497	6.4894	5.9998	5.2381	4.6131	4.0211	2.9322
4.0052	6.9642	6.6664	5.9596	5.2564	4.6839	3.6915	3.2044
4.0174	7.3634	6.7530	6.0780	5.2076	4.7010	3.7488	3.2007
3.7488	7.3951	6.3807	6.0291	5.5628	4.7657	3.5560	2.8418
3.9088	7.0497	6.6310	6.0096	5.0050	4.4166	3.9405	3.1250
3.9747	7.3817	6.6065	6.0340	5.2296	4.5203	3.7928	3.0506
3.9258	7.2132	6.3941	5.9120	5.5457	4.4080	4.0198	2.9578
3.8282	7.3976	6.7970	5.8814	5.2393	4.5863	3.9808	2.8077
3.9393	7.1815	6.5418	5.9925	5.2882	4.7425	3.9686	3.0835
3.8880	7.2328	6.4564	6.0621	5.3394	4.4190	3.8709	3.1580
3.9637	7.3585	6.7237	6.1097	5.4151	4.5228	3.4644	2.8113
3.7281	6.9960	6.6175	5.9644	5.2821	4.4007	3.9832	2.9297
3.9710	7.2755	6.7066	5.8485	5.0990	4.6876	3.7610	2.9737
3.9075	6.8617	6.3307	6.1366	4.9439	4.5423	3.5499	3.0274
3.8099	7.1656	6.5626	5.6873	5.0147	4.6436	3.5096	2.6172
3.7671	7.1388	6.6334	5.9571	5.3004	4.5667	3.8807	2.9078
3.7037	7.4354	6.4405	5.8790	5.3297	4.7388	3.9258	2.6783
3.7110	7.1522	6.7274	6.1195	5.1991	4.5704	3.9466	3.0591
3.8343	6.9435	6.3380	5.9193	5.4688	4.5447	3.7757	3.0603
3.8929	7.1107	6.7506	5.6971	5.3370	4.5093	3.7488	2.6673
3.9295	7.2694	6.4796	5.8302	5.0916	4.7205	3.9417	2.7076
3.8087	6.9850	6.3587	5.8216	5.0330	4.2713	3.4961	2.6990
3.7476	7.3939	6.4930	5.6251	5.0709	4.6973	3.6036	2.6746
3.6817	7.1852	6.2916	5.5616	5.0025	4.3482	3.3814	2.9725
3.8721	7.3732	6.3771	5.9937	4.8609	4.5484	3.6097	2.6123
3.7488	6.8312	6.3575	5.5921	5.3382	4.7144	3.3521	2.8357
3.7916	7.2120	6.2879	5.9669	5.2821	4.4654	3.8514	2.6319
3.8489	6.8324	6.3990	5.8753	5.2760	4.2957	3.4925	3.0347
3.8917	6.9410	6.3038	6.0035	5.2857	4.2322	3.6451	2.7893
3.9112	6.9581	6.6761	5.7288	5.3797	4.6558	3.7891	2.7991
3.8428	7.2889	6.2061	5.6519	5.3346	4.5057	3.8978	2.5525
3.8416	7.1156	6.4332	5.7057	4.9061	4.6583	3.3130	2.9090
3.6829	7.3597	6.4503	6.0377	5.3785	4.4788	3.8868	2.6795
3.7098	6.8238	6.6835	5.8680	5.1893	4.1492	3.5950	2.7686
3.7122	7.1070	6.7469	5.7288	5.2271	4.3690	3.4363	2.8956
3.9417	7.0900	6.3746	5.8631	5.2088	4.6326	3.5962	2.8907
3.7733	6.8080	6.4271	5.6178	4.9256	4.2847	3.2898	2.5647
3.6963	6.8836	6.3697	5.5958	4.9683	4.5423	3.6829	2.5611
3.7452	7.1424	6.6285	5.9925	5.1283	4.3018	3.6841	2.5684
3.7659	6.8092	6.2208	5.9046	5.2699	4.1163	3.6085	2.9224
3.7256	6.8617	6.4613	6.0108	5.0782	4.5423	3.5279	2.9749
3.7525	6.7836	6.3429	5.6373	5.0867	4.2737	3.4815	2.8418
3.9210	7.0680	6.3893	5.5799	4.7755	4.0430	3.7733	2.5196
3.7647	7.3133	6.5895	5.9254	4.9427	4.2933	3.5401	2.5892
3.9356	7.0875	6.2000	6.0267	4.7584	4.4373	3.5938	2.8797
3.6976	7.1656	6.6285	5.4615	4.8829	4.2799	3.3362	2.7161
3.8563	6.9471	6.5846	5.9730	5.2735	4.0235	3.7562	2.7442
3.7256	7.0448	6.3160	5.9706	4.8524	4.0455	3.2984	2.9224
3.8379	6.8470	6.5089	5.6165	4.8560	4.4483	3.3997	2.6941
3.8843	7.2645	6.6725	5.6861	5.0648	4.3861	3.3143	2.7369
3.6963	7.2389	6.5907	5.5970	4.8988	4.1712	3.4046	2.8760
3.6658	7.2316	6.6554	5.4249	5.1881	4.1492	3.7073	2.7918
3.6951	7.0961	6.4723	5.8790	5.2308	4.5496	3.7757	2.4781
3.6988	6.7091	6.5382	5.6654	4.7083	4.5154	3.2020	2.4964
3.8270	6.9935	6.3990	5.8204	5.0929	4.5057	3.4083	2.7991
3.8404	7.1009	6.4808	5.4188	5.1124	4.2713	3.5120	2.5147
3.7086	6.7823	6.3929	5.4542	4.7095	4.2078	3.4705	2.5318
3.6622	6.7225	6.3087	5.9034	4.8585	4.0833	3.7024	2.4366
3.6646	6.8592	6.6249	5.5567	5.0672	3.9417	3.5755	2.6343
3.8379	6.8727	6.4857	5.8253	5.1539	4.1749	3.5755	2.6526
3.7134	7.0484	6.5931	5.9266	4.6888	4.1846	3.3533	2.8040
3.6304	7.1180	6.0865	5.6458	4.9281	4.3995	3.4376	2.6355
3.7598	6.6749	6.0975	5.4615	4.8048	4.4849	3.4327	2.7527
3.7806	7.1595	6.1793	5.8619	4.8096	4.3153	3.2801	2.8089
3.7781	7.0326	6.2135	5.8253	4.9342	4.1321	3.4095	2.8833
3.6939	6.9093	6.5907	5.8802	5.0990	4.4654	3.1495	2.8223
3.7012	6.6725	6.0670	5.5348	5.0538	4.0369	3.4266	2.5647
3.7269	7.1681	6.2904	5.8900	4.9476	4.0430	3.5267	2.8309
3.6060	6.8653	6.2123	5.4224	4.7791	4.4007	3.3448	2.6038
3.8758	6.6981	6.1598	5.7411	5.1246	3.9783	3.2984	2.3658
3.6060	6.8812	6.0023	5.7203	4.9329	4.1944	3.1226	2.3255
3.6670	7.0985	6.3697	5.6141	4.8023	4.0015	3.1348	2.8113
3.7342	7.0680	6.3685	5.5323	4.9268	4.2322	3.1849	2.6429
3.8367	6.8812	6.1537	5.5030	4.9232	3.9283	3.4632	2.6783
3.8318	7.1205	5.9913	5.9071	4.9293	4.2457	3.6036	2.5354
3.8270	6.9459	5.9840	5.8839	4.9793	4.3275	3.6426	2.4842
3.7354	6.7604	6.4784	5.7154	5.0489	4.1602	3.2703	2.7222
3.7684	7.0509	6.1463	5.3895	4.5838	4.1993	3.5413	2.4182
3.7671	7.0057	6.1390	5.3260	5.0990	4.1712	3.2715	2.7369
3.7684	7.0973	6.5174	5.6898	5.0501	4.0516	3.3082	2.4280
3.7159	6.6529	6.3587	5.4749	4.9842	4.2164	3.0640	2.8052
3.7989	6.5931	6.3355	5.5628	4.9635	4.1700	3.1482	2.2864
3.6341	7.1449	5.9718	5.5506	5.0660	4.0504	3.2496	2.7173
3.5853	7.1351	6.3758	5.7691	4.7584	4.0992	3.1043	2.2681
3.7171	6.6517	6.4430	5.4578	4.7437	3.9222	3.5474	2.5025
3.6902	7.0838	6.3331	5.5299	4.6888	3.9124	3.4205	2.6270
3.5926	6.7396	6.2330	5.7008	4.6241	4.0504	3.1739	2.5074
3.6060	7.0350	6.3832	5.6007	4.6131	4.2884	3.1275	2.4695
3.7122	7.0546	5.9840	5.6556	5.1038	4.0967	3.0176	2.2657
3.7379	6.8959	6.3722	5.3443	4.9549	4.1907	3.4119	2.2278
3.7342	6.5870	6.4845	5.4408	4.9354	3.8379	3.0066	2.3804
3.7952	6.5650	6.1817	5.8094	4.6925	3.9332	3.1910	2.5415
3.6133	6.7543	6.0536	5.4005	4.6107	3.8477	3.0933	2.1924
3.5743	6.5980	6.1061	5.6019	4.7254	4.0638	3.0933	2.5232
3.7867	6.6749	6.3087	5.5750	4.9293	3.7684	3.0225	2.2559
3.7501	7.0900	6.0304	5.7618	4.6473	4.2371	3.4266	2.2400
3.5621	6.8385	5.9437	5.7728	4.9793	4.1834	3.3106	2.6197
3.6622	6.5480	6.4027	5.6397	4.9305	3.8856	3.3582	2.1875
3.7086	6.7872	5.9046	5.6532	4.9073	4.2945	3.2190	2.2962
3.6023	6.7652	6.2110	5.3700	4.8927	4.1004	3.0848	2.1619
3.6390	6.9874	6.1622	5.3944	4.4959	3.7989	2.9273	2.3340
3.8025	6.8995	6.3539	5.3431	4.8743	4.1028	3.0152	2.5403
3.6976	6.5028	6.0902	5.1722	4.7364	4.1602	3.3106	2.3047
3.7195	6.5431	6.4198	5.6873	4.8145	3.7183	2.9358	2.5489
3.5547	6.6737	6.0377	5.2308	4.6094	3.8868	3.3143	2.1619
3.7281	7.0008	6.2635	5.7374	4.6253	4.0552	2.9932	2.1448
3.5840	6.9911	5.9034	5.3663	4.4544	4.0040	3.3301	2.3316
3.8025	6.5663	6.3758	5.3138	4.5655	3.9771	3.4656	2.0862
3.5572	6.9667	6.1158	5.5921	4.5447	3.9332	3.1666	2.5745
3.7073	6.5931	5.8607	5.3931	4.4215	3.7781	3.3411	2.2095
3.7293	6.8165	6.2013	5.6190	4.8670	3.9612	3.0311	2.0703
3.7855	6.7726	5.8143	5.1905	4.4715	4.0577	3.0848	2.1033
3.5279	6.9276	6.3648	5.5299	4.8914	4.1175	3.2959	2.4866
3.6426	7.0106	6.0914	5.2247	4.6717	3.9966	3.2239	2.3841
3.5352	6.7372	6.0584	5.2540	4.5484	3.6548	3.0835	2.0581
3.5389	6.8959	6.2892	5.6031	4.4227	3.8343	2.9163	2.3719
3.5962	6.8019	5.9242	5.3297	4.8719	3.8209	3.0701	2.3658
3.7830	6.7530	6.1720	5.4737	4.4935	4.1163	3.3765	2.0838
3.6451	7.0045	6.0243	5.3663	4.7645	4.0662	3.2874	2.5525
3.5218	6.4112	6.2660	5.2027	4.6339	3.9942	3.1226	2.5562
3.5242	6.7616	6.1537	5.3431	4.4459	4.0125	3.3021	2.1448
3.7073	6.9606	5.8741	5.5286	4.6680	3.6439	3.1006	2.1912
3.5279	6.8824	5.7777	5.3846	4.3885	3.9112	3.3594	2.2278
3.5853	6.5016	5.9876	5.5958	4.4044	4.1053	2.9895	2.5635
3.6597	6.9007	5.7826	5.5506	4.6595	4.0296	3.0420	2.2644
3.6292	6.5480	5.7569	5.2711	4.4849	3.9197	3.3497	2.0203
3.6756	6.6542	6.1524	5.6092	4.3922	3.8331	3.1519	2.2742
3.4839	6.4039	6.1671	5.5213	4.6571	3.7183	3.2911	2.0459
3.7195	6.6578	6.0401	5.4163	4.8658	3.5572	2.7796	2.0044
3.5010	6.5370	5.9095	5.1844	4.4483	3.5840	2.9505	2.2437
3.7586	6.6737	6.2477	5.2882	4.7767	3.9796	2.9786	2.5074
3.5743	6.5504	6.2647	5.5470	4.4434	4.0357	2.9725	2.5086
3.6414	6.9386	5.8631	5.2406	4.5631	4.0381	3.1287	1.9458
3.6780	6.4076	6.0060	5.2821	4.7596	3.5645	3.0176	2.2632
3.6500	6.3502	5.7276	5.1637	4.3763	3.5865	2.8248	1.9959
3.6890	6.9276	5.8949	5.4334	4.3384	3.8184	3.1446	1.9336
3.5389	6.5126	5.9181	5.0733	4.6473	3.8148	3.0249	2.1924
3.5413	6.5443	5.9828	5.0233	4.6009	3.5218	3.1238	2.3279
3.5694	6.5638	5.7423	5.4884	4.2835	3.5914	2.9480	2.4231
3.4888	6.8226	6.0963	5.4102	4.3409	3.6805	2.9676	2.1558
3.6622	6.4625	6.2416	5.3248	4.6155	3.5218	3.1934	2.0349
3.6927	6.8824	6.1891	5.1832	4.6656	3.7720	3.0530	2.0227
3.5926	6.4625	5.7716	5.5604	4.3653	3.6292	3.1141	2.3145
3.5096	6.4808	6.1109	5.0330	4.5618	3.6304	2.7039	2.1118
3.4705	6.5919	5.7716	5.1234	4.2274	4.0235	2.9908	2.3572
3.4778	6.6847	5.9828	5.4371	4.2737	3.5145	2.9541	2.2547
3.6329	6.7213	5.7411	5.1563	4.2420	3.7842	3.2117	2.1497
3.7049	6.3404	5.9791	5.5250	4.4764	3.5889	2.7356	2.0069
3.6304	6.6456	6.0169	5.4945	4.7657	4.0284	2.8406	2.0386
3.4559	6.3587	6.0902	4.9586	4.2567	3.9942	2.8418	1.9251
3.6121	6.7567	5.7447	5.3455	4.4532	3.7891	2.9981	2.2058
3.4376	6.7811	5.9120	5.2052	4.4800	3.7244	2.7137	1.8408
3.6182	6.3172	5.6568	5.1551	4.2274	3.6902	3.0335	2.1497
3.5901	6.2574	5.6068	5.4115	4.5704	3.7000	3.2020	2.1326
3.4620	6.5345	6.0450	5.4908	4.6583	3.6182	2.7002	1.9519
3.5767	6.3246	5.6886	5.4847	4.6851	3.8465	2.7564	2.0056
3.5206	6.4393	5.9364	5.3138	4.5325	3.4034	3.1324	2.3584
3.5596	6.6761	5.5946	4.9574	4.2872	3.7647	3.1873	1.9641
3.4217	6.5589	5.8705	5.0526	4.2335	3.4876	3.0152	1.8506
3.5035	6.4405	5.8570	5.4713	4.3238	3.4083	2.8516	2.0874
3.4314	6.5907	5.8717	4.8768	4.3165	3.8074	3.1666	2.1241
3.6487	6.6529	6.0853	5.4469	4.5985	3.7623	3.0201	2.1045
3.4412	6.6798	5.8241	5.3785	4.6766	3.8624	2.7063	2.1595
3.5084	6.7372	5.9351	4.9635	4.1468	3.9100	2.8565	2.0679
3.4571	6.2928	5.8460	5.2418	4.3336	3.3887	3.0347	1.9007
3.5499	6.3722	6.0829	5.2284	4.6131	3.5132	2.7918	1.8299
3.4815	6.6920	6.0706	4.9171	4.2017	3.6451	2.8064	1.7273
3.5889	6.7713	5.6068	5.0550	4.6241	3.4900	3.0970	1.7200
3.4095	6.2123	5.8131	4.9000	4.4605	3.8734	3.1055	1.9348
3.5694	6.5589	5.9559	5.1405	4.3616	3.6817	3.0616	2.0130
3.5108	6.3343	5.7496	5.2039	4.3409	3.7867	3.0188	2.1997
3.4559	6.6419	5.9278	5.1344	4.1431	3.5364	2.5660	1.8116
3.4144	6.3587	5.8924	4.8377	4.2896	3.6329	3.0140	2.2681
3.4192	6.6859	5.6422	4.9183	4.1907	3.3753	3.0579	2.1155
3.5059	6.4857	5.9657	4.8743	4.5484	3.6793	2.9126	2.0154
3.4266	6.3905	5.7191	5.2808	4.4117	3.8758	2.5257	1.7041
3.6036	6.6847	5.7765	4.9342	4.3311	3.6817	2.8650	2.1350
3.4229	6.1646	5.8509	4.9891	4.1675	3.7427	2.4781	1.9983
3.4559	6.1720	5.5946	5.0538	4.5936	3.5608	2.5281	1.8054
3.5267	6.6029	5.7752	5.0697	4.4544	3.3838	2.9102	1.7517
3.5193	6.4869	5.9229	5.1637	4.2152	3.4791	2.6343	1.7652
3.6121	6.1549	5.6556	5.2760	4.0760	3.7806	2.6880	1.9129
3.6561	6.1634	5.4774	5.1624	4.5679	3.3118	2.9725	1.9947
3.4949	6.6090	5.8534	4.7694	4.2176	3.5743	2.9175	2.1057
3.6133	6.2086	5.7594	4.9915	4.4935	3.3265	2.7625	1.7810
3.4266	6.5589	5.5030	5.1930	4.0211	3.3277	2.5220	1.9043
3.5132	6.5724	6.0279	5.3126	4.2786	3.6561	2.8248	1.6028
3.3765	6.2831	5.8851	4.7437	4.5631	3.8087	2.8174	2.1082
3.4449	6.2306	5.4823	5.1795	4.2310	3.7720	2.9603	1.9983
3.5193	6.6200	6.0060	4.8499	4.4251	3.6646	2.4854	1.8128
3.6439	6.2538	5.4273	5.1148	4.4532	3.7623	2.9273	1.8433
3.5267	6.6419	5.9681	4.8463	4.2725	3.6915	2.7478	2.0935
3.4864	6.2843	5.4566	4.7828	4.0174	3.2044	2.8101	2.0264
3.3497	6.1292	5.5482	5.0489	4.2286	3.3179	2.9480	1.8714
3.4730	6.4100	5.6239	4.8670	4.3397	3.6414	2.7979	1.9226
3.4107	6.2477	5.7691	5.0282	4.2469	3.6707	2.7161	1.5943
3.6170	6.6395	5.6165	4.7474	4.1566	3.2569	2.9603	1.8689
3.5865	6.6188	5.6788	4.8878	4.4923	3.4571	2.9517	2.1082
3.3338	6.3819	5.7362	4.9671	4.0992	3.5499	2.4182	2.0410
3.4022	6.6029	5.7227	4.7327	4.5069	3.2361	2.5965	1.7334
3.4253	6.3148	5.4664	4.9158	4.0711	3.4083	2.7259	1.9239
3.4095	6.5663	5.7191	4.7547	4.1956	3.6951	2.6075	1.7420
3.5694	6.0597	5.6519	4.7022	4.2188	3.3863	2.8394	1.5930
3.5853	6.1585	5.8338	4.6973	4.1907	3.3240	2.7332	1.6284
3.4095	6.0658	5.8753	5.2247	4.1077	3.3790	2.4964	1.7835
3.5071	6.1903	5.7569	5.1368	4.4349	3.2911	2.4915	1.5894
3.3350	6.4735	5.4273	4.6546	4.2982	3.2947	2.5843	1.5674
3.4522	6.3050	5.6751	5.1527	3.9527	3.3143	2.7405	1.9922
3.4778	6.5980	5.4847	5.1038	4.3238	3.1348	2.5245	2.0301
3.3765	6.2562	5.4505	4.8096	4.2274	3.5438	2.4537	1.6565
3.5926	6.2000	5.8851	4.9024	4.2603	3.6622	2.4402	1.5442
3.4070	6.5797	5.5897	4.6241	4.1724	3.4290	2.6978	1.5283
3.5474	6.1598	5.5030	4.6754	3.9039	3.4827	2.3340	1.8445
3.4253	6.2721	5.8253	5.0452	4.1077	3.5999	2.8077	1.7481
3.5120	6.1561	5.6202	5.0147	4.3445	3.3179	2.4646	1.5015
3.5596	6.4625	5.4859	4.7291	4.3409	3.5352	2.5562	1.7359
3.5450	6.5382	5.5079	4.7559	4.1431	3.0774	2.5196	1.9983
3.4681	6.2892	5.6764	4.8096	4.3311	3.4461	2.5379	1.4588
3.4778	6.0047	5.7935	4.6546	3.9075	3.1373	2.5867	1.8067
3.4314	5.9754	5.4444	4.7803	4.2725	3.1421	2.7356	1.5088
3.4058	6.4723	5.8448	5.0575	4.2628	3.2142	2.3401	1.8579
3.3326	6.3038	5.7667	4.9622	4.2676	3.3143	2.3011	1.9788
3.5767	5.9535	5.3370	4.7803	3.8294	3.0384	2.6014	1.4221
3.4534	6.2879	5.7130	4.7840	4.1004	3.2044	2.3243	1.9336
3.3765	6.4369	5.8314	4.7840	3.7977	3.0323	2.7271	1.7823
3.4534	6.2538	5.8302	4.6558	4.2115	3.0823	2.6160	1.8897
3.3118	6.1524	5.7496	4.6448	4.1041	3.1824	2.7735	1.5076
3.4644	6.1097	5.5091	4.8402	4.2737	3.1214	2.6770	1.4893
3.4095	6.2550	5.5494	5.0330	3.8038	3.1165	2.6783	1.9275
3.3741	6.0230	5.7655	4.9354	4.1712	3.4693	2.6746	1.3696
3.3912	6.0938	5.6995	4.7901	3.8465	3.3765	2.6343	1.8103
3.3155	5.8961	5.4163	4.5423	3.7635	3.1312	2.6197	1.4490
3.4705	6.2928	5.2528	4.5972	3.8550	3.0945	2.2632	1.6382
3.5499	6.0389	5.6458	4.5435	3.8746	3.0372	2.7369	1.5906
3.3338	6.4173	5.2247	4.6571	4.2921	3.0677	2.1888	1.8762
3.4632	6.0462	5.5897	4.7767	4.2567	3.1214	2.6465	1.6834
3.5328	6.2599	5.3626	4.7620	3.8441	3.4363	2.6160	1.8567
3.5438	6.0706	5.7069	4.7132	3.9722	2.9957	2.3328	1.7163
3.2679	5.9034	5.7288	4.9769	3.9918	3.1507	2.5037	1.6443
3.4766	6.3014	5.7533	4.7254	4.1614	3.2215	2.5208	1.8518
3.2789	6.4088	5.2699	4.5069	3.9844	3.0579	2.3426	1.5174
3.5267	6.4332	5.7581	4.9720	4.2274	2.9920	2.6563	1.3037
3.3313	6.2770	5.1893	4.7767	4.2164	2.9627	2.1216	1.4441
3.5315	6.3478	5.1978	4.8634	4.0027	3.2032	2.4744	1.4099
3.3021	6.3368	5.7313	4.7047	4.2042	2.9163	2.3157	1.7505
3.3838	6.1830	5.1746	4.9415	4.1273	2.9248	2.3767	1.5064
3.3692	6.2074	5.3480	4.9769	4.1566	3.2837	2.4500	1.4026
3.5181	6.4149	5.1844	4.5570	4.0247	3.0835	2.6062	1.4063
3.3021	6.1842	5.2772	4.5228	4.1529	3.0176	2.0801	1.6773
3.3033	6.1244	5.3004	4.9390	4.0748	2.9297	2.4256	1.4710
3.2398	6.1073	5.7166	4.7913	3.9197	3.3375	2.3645	1.4380
3.3289	6.0780	5.3419	4.4715	4.1907	3.1214	2.2876	1.4856
3.2898	6.0365	5.6019	4.4227	3.8001	3.0042	2.2449	1.4136
3.4876	5.8009	5.2503	4.7706	4.1932	3.3912	2.4097	1.3355
3.4070	6.3319	5.3761	4.7266	3.9344	3.1934	2.4121	1.2647
3.4705	6.0523	5.4688	4.7608	4.1834	3.2239	2.5537	1.6822
3.2874	5.9217	5.5714	4.9574	4.0308	3.3680	2.0911	1.4697
3.2471	5.9010	5.5079	4.9415	3.7220	3.1324	2.3987	1.6333
3.4473	5.9828	5.3773	4.7852	3.7452	3.1617	2.4073	1.5894
3.2581	5.8009	5.5299	4.4752	4.0027	2.9358	2.5122	1.2268
3.3228	5.8119	5.4200	4.3751	3.6512	3.0433	2.5672	1.5491
3.4009	5.8607	5.5213	4.8487	4.0235	3.0262	2.3340	1.4929
3.2447	5.9034	5.1356	4.4605	3.8184	3.1995	2.0313	1.7115
3.2154	5.9266	5.0636	4.5582	3.9686	3.2508	2.3401	1.5430
3.4351	6.2232	5.5494	4.6180	3.5853	3.0066	2.0911	1.1499
3.2764	6.2538	5.5116	4.5801	3.7769	2.9834	2.0264	1.6345
3.2923	6.2818	5.4420	4.5435	3.7366	2.9053	2.0386	1.3257
3.2764	5.7801	5.5714	4.8475	4.1199	3.0018	2.0789	1.4502
3.3741	5.8143	5.3321	4.7230	3.8758	3.2789	1.9483	1.3635
3.4144	5.8021	5.2686	4.3226	3.7769	3.1617	2.3536	1.3721
3.1934	6.0487	5.4481	4.7156	4.0027	3.3228	2.4475	1.1206
3.3838	5.8521	5.1283	4.6729	3.6121	3.0713	2.2437	1.3574
3.1971	6.1891	5.5067	4.4190	3.6854	2.9261	2.0948	1.2732
3.4620	6.1707	5.3492	4.3519	3.9429	2.7637	2.2620	1.6138
3.4595	5.8802	5.0819	4.7523	3.6378	2.7393	1.9495	1.5784
3.1910	5.9803	5.5763	4.6619	3.7220	2.7784	2.0142	1.4722
3.2703	5.8936	5.1844	4.7279	3.6927	3.0555	2.3536	1.5576
3.3741	5.9657	5.2784	4.4398	3.9088	3.0323	2.3694	1.2634
3.4156	5.7935	5.0355	4.5252	3.7806	3.2837	2.1021	1.1719
3.2581	5.9425	5.3236	4.3299	3.6439	2.8919	2.2412	1.1926
3.3704	5.8192	5.4420	4.3677	3.6988	3.2203	2.4182	1.4917
3.4192	6.1390	5.3516	4.4532	3.6280	3.0555	1.9605	1.4148
3.2886	5.7533	4.9708	4.5972	3.4900	3.1312	1.9312	1.1743
3.2557	6.0633	5.3516	4.4898	3.4913	3.2227	2.4451	1.5113
3.2850	6.2013	5.1258	4.5496	3.8196	3.2178	1.8494	1.3391
3.2728	5.7862	5.4334	4.3494	3.9734	2.7674	1.9861	1.1597
3.3228	5.6641	5.3187	4.4263	3.9454	3.1006	2.1338	1.4453
3.1666	6.0108	5.0074	4.2493	3.6951	3.2227	2.0130	1.4136
3.4070	6.0157	5.0501	4.7767	3.8941	3.0872	1.8762	1.1609
3.2190	5.7472	4.9549	4.7840	3.7366	2.9432	2.0716	1.1792
3.1666	5.9767	5.4798	4.7633	3.6390	3.0530	2.0728	1.0437
3.2789	5.9937	5.0074	4.6058	3.8074	3.1910	2.0008	1.4820
3.2435	5.9876	5.0013	4.6473	3.4754	3.1116	1.7993	1.4112
3.2532	5.6056	5.3187	4.6998	3.8270	2.8016	2.3059	1.3513
3.3790	5.8863	5.0208	4.6546	3.7891	3.0945	2.1827	1.2195
3.2923	6.1695	5.0391	4.2554	3.6963	3.0689	2.1338	1.4893
3.2068	6.1805	4.9293	4.4544	3.6390	2.6197	1.9849	1.1365
3.3790	6.0865	5.0929	4.3409	3.6744	3.0079	2.0484	1.3477
3.3301	5.7288	4.8780	4.4373	3.5279	2.9737	2.1656	1.2171
3.2142	6.0365	4.9537	4.3836	3.5523	3.0408	2.0069	1.0034
3.1202	6.0060	4.9561	4.5838	3.3777	2.9822	2.0691	0.9778
3.3094	6.0609	5.4163	4.6387	3.6268	2.6673	2.3304	1.2317
3.2972	5.7862	4.9598	4.5447	3.5071	2.6856	2.1912	1.2732
3.3655	5.6349	5.3761	4.4715	3.8795	2.9383	2.2827	1.1853
3.1177	6.0145	5.3724	4.3140	3.8025	2.8138	2.1570	1.3709
3.3668	5.5433	5.1978	4.2237	3.7488	2.9322	2.2461	1.4636
3.2667	5.6837	5.3394	4.3043	3.4986	3.0640	2.2986	1.4221
3.1702	5.5531	5.2979	4.0943	3.7049	2.8321	2.2925	1.1902
3.3399	6.1061	4.8377	4.2188	3.3448	2.7735	2.2242	1.3428
3.2850	5.6922	5.3126	4.2152	3.8270	2.7967	1.9629	1.0925
3.2361	5.5909	5.0599	4.3336	3.5914	2.7930	1.7969	0.8862
3.2667	5.7203	5.0782	4.1212	3.5743	3.0384	1.8372	1.1682
3.3399	5.5189	5.1795	4.3653	3.7537	2.5635	2.1106	0.9180
3.1031	5.8070	5.0050	4.6290	3.3643	2.6978	2.1155	1.3672
3.2129	5.6190	5.1331	4.1480	3.5950	2.5940	2.2620	1.0877
3.1006	6.0084	5.2491	4.3128	3.7488	2.9187	1.7859	1.0608
3.2776	5.8387	4.7938	4.3128	3.4961	2.7308	2.1289	1.1109
3.1739	5.7362	4.8902	4.3751	3.3851	2.7198	2.0069	0.9253
3.2117	5.8253	4.9415	4.5557	3.6353	2.8357	2.1411	0.8386
3.3277	5.6373	5.3065	4.5252	3.6121	2.6770	1.6761	1.2061
3.3252	5.5946	5.2454	4.3177	3.7598	2.8638	1.8592	0.9339
3.2557	5.8668	5.1490	4.2554	3.4278	2.5892	2.0093	1.2012
3.2569	5.6092	5.2332	4.0565	3.5608	2.9322	2.1472	1.1450
3.1141	5.5665	4.9171	4.1102	3.4632	2.7601	2.1143	1.1316
3.0591	5.6568	5.2686	4.1260	3.6500	2.7979	1.9507	0.9876
3.1189	5.9327	4.9329	4.5667	3.3558	2.8724	1.7639	1.0205
3.0835	5.5164	5.1270	4.2469	3.5340	2.5367	1.6651	1.0083
3.1312	5.5006	5.1173	4.3091	3.3228	2.6612	1.7749	0.7642
3.2703	5.6410	4.9671	4.1810	3.7903	2.6099	1.7188	1.0718
3.1421	5.6104	4.7620	4.5008	3.3448	2.5867	1.9812	0.8069
3.3362	5.4322	5.1099	4.4141	3.4388	2.7491	1.7444	1.0230
3.1641	5.6898	4.7108	4.0601	3.5303	2.7137	1.6040	1.0193
3.2581	5.7093	5.2113	4.4190	3.3228	2.6221	2.1521	0.7752
3.1141	5.7203	4.7254	4.5399	3.2947	2.7857	2.0374	0.7715
3.1666	5.7899	5.2381	4.5423	3.4791	2.5135	2.1070	0.9766
3.3057	5.7240	5.0709	4.1944	3.5389	2.8980	1.8140	0.8093
3.2288	5.9620	5.2406	4.2689	3.5120	2.7979	1.7041	1.2854
3.1324	5.8277	5.0806	4.0626	3.4205	2.3731	1.7823	0.9265
3.2374	5.7630	5.1344	4.1065	3.5731	2.8150	1.7432	1.0498
3.0579	5.7423	4.7388	4.4373	3.7281	2.8370	1.8848	1.2403
3.0994	5.8485	5.0660	4.4532	3.5352	2.7454	1.7005	1.1792
3.3033	5.4383	5.0513	4.3409	3.6585	2.8919	1.5308	1.0706
3.0213	5.6727	5.1942	4.4776	3.3631	2.4854	1.9092	1.2207
3.1324	5.8216	4.8255	4.0052	3.5901	2.3963	1.7688	0.8093
3.0970	5.3590	4.8634	3.9893	3.4937	2.3206	1.5320	1.2305
3.1434	5.8058	4.6363	4.3409	3.6609	2.5318	2.0667	0.8008
3.1983	5.7789	4.7779	4.1187	3.4070	2.3999	1.9336	0.6555
3.0506	5.3883	4.8096	4.0125	3.5401	2.8858	1.8836	0.8118
3.1580	5.6263	4.9793	4.3885	3.2044	2.8162	1.6602	0.8045
3.0787	5.7252	5.1954	4.3201	3.4022	2.7234	1.6455	0.7080
3.2593	5.6898	4.6180	3.9893	3.3826	2.4744	1.6101	0.7202
3.2435	5.6080	4.9403	3.8648	3.1080	2.8614	1.9190	1.1316
3.2264	5.3309	4.7303	4.2542	3.4046	2.7735	1.8152	0.8606
3.2447	5.7350	4.6632	4.0320	3.1727	2.7442	1.9873	1.1731
3.0054	5.5555	5.0135	3.9380	3.2837	2.2730	1.8054	0.7703
3.2508	5.7911	5.0330	4.2603	3.3460	2.3194	1.4282	0.8496
3.2581	5.4932	4.7999	4.0858	3.3497	2.7759	1.5955	0.9534
3.1861	5.7191	4.7401	3.9234	3.5828	2.7137	1.6846	0.5762
3.1458	5.4688	4.6326	3.9112	3.4278	2.8003	1.4514	1.1548
3.2203	5.7935	5.0745	4.1944	3.2227	2.7027	1.6407	0.6409
3.2166	5.2796	4.8402	3.8734	3.2129	2.4524	1.6699	1.0303
3.0555	5.5030	4.8963	3.9332	3.1617	2.3938	1.5967	0.6848
3.1971	5.4676	4.7108	3.9478	3.2471	2.3047	1.7505	0.8203
3.0115	5.4139	4.6180	3.9539	3.2276	2.6954	1.8470	0.9717
3.0750	5.5995	4.6717	4.3043	3.4888	2.2718	1.3733	0.8313
3.0164	5.4578	4.7706	4.0980	3.1568	2.3926	1.8518	0.6665
2.9895	5.5348	4.8573	4.1810	3.0933	2.2815	1.3733	0.9046
3.0933	5.5946	4.5875	3.9185	3.5657	2.4268	1.8116	0.9058
3.1177	5.5067	4.8865	4.3580	3.1873	2.3511	1.7115	1.0938
3.2435	5.2979	4.7706	3.9454	3.3326	2.3621	1.8470	0.6775
2.9603	5.5933	4.8438	4.2347	3.0396	2.6661	1.8579	0.5383
3.0408	5.4212	4.8731	3.9649	2.9651	2.2693	1.7664	0.4956
3.0347	5.7972	5.0428	4.3067	3.4388	2.4488	1.7591	0.5432
3.0164	5.2808	4.8719	4.2945	3.1775	2.1949	1.4478	0.6714
2.9566	5.5140	4.6143	3.8318	3.4730	2.4390	1.6138	1.0486
3.0420	5.7240	4.9378	4.0601	3.4681	2.2400	1.8116	0.7910
3.1287	5.4127	4.8682	3.9173	3.2947	2.5660	1.6565	0.7044
3.1263	5.6092	4.6180	4.2640	3.0921	2.6319	1.5906	0.9924
3.1324	5.7081	4.8804	3.9844	3.3033	2.6246	1.3184	0.5530
2.9944	5.4774	5.0086	4.2664	3.2386	2.6001	1.3147	0.8362
3.1104	5.6373	4.8597	4.2518	3.3204	2.3499	1.4160	0.4932
3.1763	5.2284	4.9244	4.2603	3.2020	2.2535	1.2781	0.5823
3.0555	5.3333	4.7242	4.0015	2.9590	2.0923	1.5161	0.5640
3.1006	5.3968	4.8841	4.1419	3.1592	2.6514	1.3159	0.6665
3.0005	5.3004	4.4813	4.0626	3.2044	2.2913	1.5174	0.4187
3.0750	5.4261	4.4739	4.1883	3.3460	2.2852	1.7810	0.5725
3.2007	5.2894	4.5948	3.8831	3.1849	2.3523	1.4221	0.5908
2.9773	5.5445	4.5313	3.9344	3.2300	2.5440	1.5198	0.7117
3.1275	5.5726	4.5667	4.0003	2.9505	2.5220	1.7102	0.7837
3.0420	5.6373	4.5154	4.0430	3.0860	2.3987	1.2427	0.6909
3.1519	5.2186	4.5106	3.7244	3.2459	2.1607	1.3184	0.5335
3.1470	5.3248	4.6851	3.9869	3.1714	2.0691	1.5027	0.5957
2.9310	5.1698	4.9207	4.2054	2.8846	2.2205	1.6114	0.4883
3.0054	5.2369	4.6705	3.9161	2.9004	2.5049	1.2720	0.4590
3.1019	5.3101	4.6583	3.7147	3.3252	2.3182	1.3587	0.6848
2.9456	5.2869	4.4508	4.1382	3.0213	2.4598	1.3098	0.9375
3.0603	5.1514	4.9134	3.7147	3.0481	2.0093	1.3074	0.6213
2.9053	5.3455	4.7279	3.9905	2.9871	2.1631	1.5467	0.3894
2.9554	5.0965	4.7926	4.1358	3.3265	2.0655	1.5625	0.5335
2.9151	5.3223	4.9012	3.7183	3.1348	2.1973	1.4514	0.3479
2.9725	5.3211	4.6851	4.0552	3.2032	2.1509	1.3538	0.8692
2.9883	5.2296	4.6436	3.9454	3.2605	2.3731	1.6138	0.7935
2.9236	5.2503	4.8402	4.1651	2.8687	2.0911	1.2195	0.5628
3.0066	5.2674	4.8780	3.9527	2.9908	2.4048	1.7115	0.8313
3.0347	5.4261	4.5447	3.8526	2.8321	1.9556	1.5735	0.7092
2.9114	5.2943	4.5460	4.1505	3.3582	1.9812	1.4905	0.5701
2.9297	5.1917	4.8939	3.6719	3.0945	2.1265	1.2866	0.4456
2.8846	5.5018	4.5911	3.7586	2.9810	2.0472	1.1389	0.5884
3.0237	5.1575	4.3702	3.6231	2.9310	2.1765	1.6590	0.6152
2.9407	5.2930	4.7279	3.8734	3.2337	2.4732	1.6614	0.8167
2.9041	5.4835	4.6155	3.8209	3.0591	2.1436	1.3928	0.2527
3.1165	5.1502	4.4190	3.9503	3.2203	2.1350	1.6529	0.6104
3.0237	5.3480	4.8072	3.9759	3.0188	2.0081	1.1719	0.2527
3.0530	5.5201	4.4532	3.6719	3.1580	1.9837	1.2781	0.6238
3.0872	5.4310	4.4349	4.0687	2.7417	2.3621	1.6333	0.4468
3.0860	5.0794	4.3116	3.6316	2.9407	2.1228	1.4417	0.4846
3.1336	5.5787	4.2713	3.8184	2.9322	2.0911	1.3428	0.2808
2.9322	5.0159	4.3543	3.5999	3.1238	1.8860	1.1658	0.6726
3.1287	5.4859	4.3531	3.9661	3.0384	2.0435	1.3721	0.6860
3.0799	5.5006	4.3848	3.8038	2.8919	2.3084	1.5625	0.7910
2.8553	5.3700	4.3470	3.9466	2.8284	2.1094	1.4697	0.5542
2.8736	5.1624	4.6339	3.8025	2.8394	2.0032	1.4136	0.2429
2.9895	5.4420	4.5362	3.7598	2.7637	1.8933	1.0413	0.4187
3.1006	5.3675	4.3250	3.7610	2.9444	2.0337	1.1402	0.7044
2.9029	5.3870	4.3873	3.4534	3.1788	1.9910	1.3196	0.7202
2.8809	5.4871	4.4593	3.9222	2.9371	2.3963	1.3806	0.2026
2.9371	5.0355	4.7242	3.7891	2.8504	2.2620	1.5442	0.6897
2.8540	5.3797	4.5850	3.4888	2.6844	2.0838	1.5674	0.3906
3.1006	5.0404	4.5118	3.9234	2.9773	1.9068	1.1304	0.2197
2.9676	5.4603	4.3714	3.6915	3.1617	2.1717	1.4966	0.6177
2.9493	5.1490	4.2213	3.8831	2.7527	1.9409	1.2512	0.5383
2.9603	4.9805	4.5875	3.6683	2.6221	2.2876	1.1084	0.4126
2.9810	5.4823	4.4117	3.4376	2.7369	2.2705	1.0059	0.6873
2.8553	5.0965	4.4764	3.5377	2.9798	1.8836	1.4588	0.1477
3.0152	5.4078	4.3018	3.9722	2.8394	2.3682	1.4014	0.5957
2.8443	5.3529	4.5264	3.8746	2.9810	2.1167	1.4954	0.5249
2.9859	5.4115	4.5460	3.7671	2.6868	1.9434	1.5210	0.5530
2.8772	4.9525	4.4508	3.3838	2.7771	2.3230	1.4331	0.2429
2.8296	5.3785	4.6107	3.4730	2.6014	2.2229	1.3025	0.0867
2.8443	5.2296	4.1602	3.7769	3.1055	1.8897	1.3281	0.2759
2.9676	5.2662	4.3433	3.7806	2.7759	1.8250	1.3159	0.4382
3.0738	4.9305	4.1382	3.8453	2.6587	2.1314	1.4527	0.3491
2.9993	5.1771	4.3580	3.7012	3.0481	2.2315	1.3330	0.4321
3.0066	5.0831	4.6192	3.7366	2.6612	2.1656	1.4746	0.2100
2.7869	5.4334	4.5985	3.6390	2.6734	1.8640	1.3050	0.1587
2.8968	4.8768	4.1553	3.8306	3.0445	1.9898	1.4234	0.3076
2.9407	4.8585	4.1248	3.6646	3.1055	2.1607	1.1377	0.4431
2.7869	5.3321	4.2005	3.6097	2.8272	1.9495	0.8740	0.0635
2.9126	5.0416	4.4776	3.5950	2.9651	2.2498	1.0657	0.5237
3.0054	5.1795	4.0809	3.5425	2.8785	2.2229	1.1157	0.3503
2.9786	5.0220	4.6619	3.6646	2.6197	2.0227	1.4295	0.5274
2.8479	5.1344	4.3714	3.3472	2.7051	1.6883	1.3318	0.5652
2.9273	4.9598	4.5142	3.3985	2.7564	2.2156	1.2488	0.3394
2.8699	4.9720	4.2689	3.8770	2.6184	2.2022	1.3709	0.5054
2.8479	5.0123	4.4862	3.4949	2.9554	2.0740	0.9937	0.2856
2.9664	4.7987	4.3677	3.5914	2.9151	2.0740	0.9241	0.4407
3.0176	4.8072	4.2115	3.4913	2.6709	1.8384	1.1695	0.0012
2.8687	5.1307	4.0381	3.4266	3.0445	2.1399	1.0999	-0.0085
2.8907	5.3175	4.0858	3.6451	2.7979	2.2119	0.8814	0.3113
2.9236	5.1710	4.1932	3.2801	2.5940	1.6419	1.1951	0.0061
2.7820	5.3407	4.4410	3.8074	2.4524	2.0398	1.2158	0.3015
2.7893	5.2772	4.0760	3.2752	2.8553	1.8946	0.8789	0.2258
2.8602	5.1685	4.1163	3.4974	2.9468	1.9825	0.8142	0.3943
2.8150	5.2442	4.0223	3.2435	3.0005	2.1704	1.1585	-0.0269
2.7295	4.8646	4.4410	3.7781	2.7625	2.1863	1.0437	0.0244
2.7308	4.9744	4.0418	3.3985	2.8650	2.1656	1.1572	0.0159
2.8199	4.9403	4.2029	3.7293	2.7247	1.7688	0.9790	0.1147
2.7405	5.1551	4.1944	3.2068	2.7100	2.0826	0.8936	0.2478
2.7759	5.2259	4.2237	3.5254	2.7808	1.8848	0.7739	0.1489
2.8003	4.9317	4.3604	3.2691	2.4097	2.0984	1.0498	0.3638
2.8418	4.9525	4.1370	3.3106	2.9712	1.6052	0.8362	0.0488
2.8125	4.9830	4.0211	3.5889	2.4170	1.8457	0.9522	-0.0708
